/*
SQLyog Ultimate v12.09 (32 bit)
MySQL - 5.6.17 : Database - fusionmate
*********************************************************************
*/

/*!40101 SET NAMES utf8 */;

/*!40101 SET SQL_MODE=''*/;

/*!40014 SET @OLD_UNIQUE_CHECKS=@@UNIQUE_CHECKS, UNIQUE_CHECKS=0 */;
/*!40014 SET @OLD_FOREIGN_KEY_CHECKS=@@FOREIGN_KEY_CHECKS, FOREIGN_KEY_CHECKS=0 */;
/*!40101 SET @OLD_SQL_MODE=@@SQL_MODE, SQL_MODE='NO_AUTO_VALUE_ON_ZERO' */;
/*!40111 SET @OLD_SQL_NOTES=@@SQL_NOTES, SQL_NOTES=0 */;
CREATE DATABASE /*!32312 IF NOT EXISTS*/`fusionmate` /*!40100 DEFAULT CHARACTER SET latin1 */;

USE `fusionmate`;

/*Table structure for table `channels` */

DROP TABLE IF EXISTS `channels`;

CREATE TABLE `channels` (
  `id` int(11) NOT NULL AUTO_INCREMENT,
  `channel_name` varchar(255) DEFAULT NULL,
  `author_id` int(11) DEFAULT NULL,
  PRIMARY KEY (`id`),
  UNIQUE KEY `channel_name_UNIQUE` (`channel_name`),
  KEY `fk_channel_user1_idx` (`author_id`),
  CONSTRAINT `fk_channel_user1` FOREIGN KEY (`author_id`) REFERENCES `users` (`id`) ON DELETE NO ACTION ON UPDATE NO ACTION
) ENGINE=InnoDB AUTO_INCREMENT=2 DEFAULT CHARSET=latin1;

/*Data for the table `channels` */

insert  into `channels`(`id`,`channel_name`,`author_id`) values (1,'$2y$10$V02kOxEvQpD0k5YnNpxsjuV.tTv9S03EGJoogN/BY37ebSaE3tfzi',1);

/*Table structure for table `invitation_notification` */

DROP TABLE IF EXISTS `invitation_notification`;

CREATE TABLE `invitation_notification` (
  `id` int(11) NOT NULL AUTO_INCREMENT,
  `team_id` int(11) DEFAULT NULL,
  `new_user` int(11) DEFAULT NULL,
  `team_user` int(11) DEFAULT NULL,
  `read_status` int(11) DEFAULT '1',
  `created_at` timestamp NULL DEFAULT CURRENT_TIMESTAMP,
  `updated_at` timestamp NULL DEFAULT CURRENT_TIMESTAMP,
  PRIMARY KEY (`id`)
) ENGINE=InnoDB AUTO_INCREMENT=16 DEFAULT CHARSET=latin1;

/*Data for the table `invitation_notification` */

insert  into `invitation_notification`(`id`,`team_id`,`new_user`,`team_user`,`read_status`,`created_at`,`updated_at`) values (1,1,4,1,0,'2016-04-09 19:44:41','2016-04-09 19:44:41'),(2,1,4,2,0,'2016-04-09 19:44:41','2016-04-09 19:44:41'),(3,1,4,3,0,'2016-04-09 19:44:41','2016-04-09 19:44:41'),(4,1,4,4,1,'2016-04-09 19:44:41','2016-04-09 19:44:41'),(5,1,6,1,0,'2016-04-09 20:08:35','2016-04-09 20:08:35'),(6,1,6,2,1,'2016-04-09 20:08:35','2016-04-09 20:08:35'),(7,1,6,3,1,'2016-04-09 20:08:35','2016-04-09 20:08:35'),(8,1,6,4,1,'2016-04-09 20:08:35','2016-04-09 20:08:35'),(9,1,6,6,1,'2016-04-09 20:08:35','2016-04-09 20:08:35'),(10,1,5,1,0,'2016-04-09 20:13:14','2016-04-09 20:13:14'),(11,1,5,2,1,'2016-04-09 20:13:14','2016-04-09 20:13:14'),(12,1,5,3,1,'2016-04-09 20:13:15','2016-04-09 20:13:15'),(13,1,5,4,1,'2016-04-09 20:13:15','2016-04-09 20:13:15'),(14,1,5,5,1,'2016-04-09 20:13:15','2016-04-09 20:13:15'),(15,1,5,6,1,'2016-04-09 20:13:15','2016-04-09 20:13:15');

/*Table structure for table `invitation_token` */

DROP TABLE IF EXISTS `invitation_token`;

CREATE TABLE `invitation_token` (
  `id` int(11) NOT NULL AUTO_INCREMENT,
  `token` varchar(255) DEFAULT NULL,
  `team_id` int(11) DEFAULT NULL,
  `email` varchar(100) DEFAULT NULL,
  `created_at` timestamp NULL DEFAULT CURRENT_TIMESTAMP,
  PRIMARY KEY (`id`),
  UNIQUE KEY `token_UNIQUE` (`token`)
) ENGINE=InnoDB DEFAULT CHARSET=latin1;

/*Data for the table `invitation_token` */

/*Table structure for table `login_status` */

DROP TABLE IF EXISTS `login_status`;

CREATE TABLE `login_status` (
  `id` int(11) NOT NULL AUTO_INCREMENT,
  `user_id` int(11) DEFAULT NULL,
  `status` varchar(45) DEFAULT NULL,
  `created_at` timestamp NULL DEFAULT NULL,
  `updated_at` timestamp NULL DEFAULT NULL,
  PRIMARY KEY (`id`)
) ENGINE=InnoDB AUTO_INCREMENT=7 DEFAULT CHARSET=latin1;

/*Data for the table `login_status` */

insert  into `login_status`(`id`,`user_id`,`status`,`created_at`,`updated_at`) values (1,1,'offline','2016-07-31 17:40:04','2016-07-31 18:15:59'),(2,2,'online','2016-05-15 21:33:08','2016-05-15 21:33:08'),(3,3,'online','2016-04-10 23:29:03','2016-04-10 23:29:03'),(4,4,'offline','2016-04-08 22:52:03','2016-04-08 22:52:12'),(5,5,'offline','2016-04-10 23:25:57','2016-04-10 23:26:10'),(6,6,'offline','2016-04-10 23:26:27','2016-04-10 23:26:38');

/*Table structure for table `messages` */

DROP TABLE IF EXISTS `messages`;

CREATE TABLE `messages` (
  `id` int(11) NOT NULL AUTO_INCREMENT,
  `message` text,
  `created_at` timestamp NOT NULL DEFAULT CURRENT_TIMESTAMP,
  PRIMARY KEY (`id`)
) ENGINE=InnoDB AUTO_INCREMENT=13 DEFAULT CHARSET=latin1;

/*Data for the table `messages` */

insert  into `messages`(`id`,`message`,`created_at`) values (1,'hi<div><br></div>','2016-04-04 22:48:40'),(2,'hi<div><br></div>','2016-04-10 20:54:52'),(3,'hi<div><br></div>','2016-04-10 21:24:25'),(4,'hi<div><br></div>','2016-04-10 21:25:08'),(5,'snippet$#fmslipt$html$#fmslipt$<html>\n    \n</html>','2016-04-10 21:25:20'),(6,'rtf#_$fusionmate/public/plugins/userUploads/RESUME.rtf#_$ ','2016-04-10 21:26:14'),(7,'hi<div><br></div>','2016-04-10 21:46:12'),(8,'hi<div><br></div>','2016-04-10 21:47:02'),(9,'hi<div><br></div>','2016-04-10 22:35:40'),(10,'hi<div><br></div>','2016-04-10 22:36:20'),(11,'hi<div><br></div>','2016-04-11 19:50:36'),(12,'hi<div><br></div>','2016-05-08 12:58:46');

/*Table structure for table `migrations` */

DROP TABLE IF EXISTS `migrations`;

CREATE TABLE `migrations` (
  `migration` varchar(255) COLLATE utf8_unicode_ci NOT NULL,
  `batch` int(11) NOT NULL
) ENGINE=InnoDB DEFAULT CHARSET=utf8 COLLATE=utf8_unicode_ci;

/*Data for the table `migrations` */

/*Table structure for table `password_reminders` */

DROP TABLE IF EXISTS `password_reminders`;

CREATE TABLE `password_reminders` (
  `email` varchar(255) COLLATE utf8_unicode_ci NOT NULL,
  `token` varchar(255) COLLATE utf8_unicode_ci NOT NULL,
  `created_at` timestamp NOT NULL DEFAULT '0000-00-00 00:00:00',
  KEY `password_reminders_email_index` (`email`),
  KEY `password_reminders_token_index` (`token`)
) ENGINE=InnoDB DEFAULT CHARSET=utf8 COLLATE=utf8_unicode_ci;

/*Data for the table `password_reminders` */

/*Table structure for table `personal_conversations` */

DROP TABLE IF EXISTS `personal_conversations`;

CREATE TABLE `personal_conversations` (
  `id` int(11) NOT NULL AUTO_INCREMENT,
  `from_user_id` int(11) DEFAULT NULL,
  `to_user_id` int(11) DEFAULT NULL,
  `message_id` int(11) DEFAULT NULL,
  `team_channel_id` varchar(255) DEFAULT NULL,
  `created_at` timestamp NOT NULL DEFAULT CURRENT_TIMESTAMP ON UPDATE CURRENT_TIMESTAMP,
  `read_status` int(11) DEFAULT '0',
  PRIMARY KEY (`id`)
) ENGINE=InnoDB AUTO_INCREMENT=11 DEFAULT CHARSET=latin1;

/*Data for the table `personal_conversations` */

insert  into `personal_conversations`(`id`,`from_user_id`,`to_user_id`,`message_id`,`team_channel_id`,`created_at`,`read_status`) values (1,2,1,1,'$2y$10$IUy0MDUL9VPeijrqpJe8v.9xXT4TjjGUUzcndckGQ3R09rHNjrJxe','2016-04-04 22:49:19',0),(2,3,2,2,'$2y$10$IUy0MDUL9VPeijrqpJe8v.9xXT4TjjGUUzcndckGQ3R09rHNjrJxe','2016-04-10 20:54:52',1),(3,3,2,3,'$2y$10$IUy0MDUL9VPeijrqpJe8v.9xXT4TjjGUUzcndckGQ3R09rHNjrJxe','2016-04-10 21:24:25',1),(4,3,2,4,'$2y$10$IUy0MDUL9VPeijrqpJe8v.9xXT4TjjGUUzcndckGQ3R09rHNjrJxe','2016-04-10 21:25:08',1),(5,3,2,5,'$2y$10$IUy0MDUL9VPeijrqpJe8v.9xXT4TjjGUUzcndckGQ3R09rHNjrJxe','2016-04-10 21:25:20',1),(6,3,2,6,'$2y$10$IUy0MDUL9VPeijrqpJe8v.9xXT4TjjGUUzcndckGQ3R09rHNjrJxe','2016-04-10 21:26:14',1),(7,3,2,7,'$2y$10$IUy0MDUL9VPeijrqpJe8v.9xXT4TjjGUUzcndckGQ3R09rHNjrJxe','2016-04-10 21:46:12',1),(8,3,1,10,'$2y$10$IUy0MDUL9VPeijrqpJe8v.9xXT4TjjGUUzcndckGQ3R09rHNjrJxe','2016-04-10 22:59:11',0),(9,1,2,11,'$2y$10$IUy0MDUL9VPeijrqpJe8v.9xXT4TjjGUUzcndckGQ3R09rHNjrJxe','2016-04-11 19:50:36',1),(10,1,1,12,'$2y$10$IUy0MDUL9VPeijrqpJe8v.9xXT4TjjGUUzcndckGQ3R09rHNjrJxe','2016-07-31 17:40:04',0);

/*Table structure for table `projects` */

DROP TABLE IF EXISTS `projects`;

CREATE TABLE `projects` (
  `id` int(11) NOT NULL AUTO_INCREMENT,
  `un_id` varchar(255) DEFAULT NULL,
  `project_name` varchar(255) DEFAULT NULL,
  `created_at` timestamp NULL DEFAULT CURRENT_TIMESTAMP,
  PRIMARY KEY (`id`)
) ENGINE=InnoDB AUTO_INCREMENT=8 DEFAULT CHARSET=latin1;

/*Data for the table `projects` */

insert  into `projects`(`id`,`un_id`,`project_name`,`created_at`) values (7,'9938aa0aac060ac5afaf8c14e1a0dd6c','demo','2016-04-10 11:19:45');

/*Table structure for table `roles` */

DROP TABLE IF EXISTS `roles`;

CREATE TABLE `roles` (
  `id` int(11) NOT NULL AUTO_INCREMENT,
  `role` varchar(200) DEFAULT NULL,
  PRIMARY KEY (`id`)
) ENGINE=InnoDB AUTO_INCREMENT=5 DEFAULT CHARSET=latin1;

/*Data for the table `roles` */

insert  into `roles`(`id`,`role`) values (1,'IT-Admin'),(2,'Lecturer'),(3,'IT-Employee'),(4,'Student');

/*Table structure for table `sessions` */

DROP TABLE IF EXISTS `sessions`;

CREATE TABLE `sessions` (
  `id` varchar(255) COLLATE utf8_unicode_ci NOT NULL,
  `payload` text COLLATE utf8_unicode_ci NOT NULL,
  `last_activity` int(11) NOT NULL,
  `un` int(11) NOT NULL AUTO_INCREMENT,
  PRIMARY KEY (`un`),
  UNIQUE KEY `sessions_id_unique` (`id`)
) ENGINE=InnoDB AUTO_INCREMENT=371 DEFAULT CHARSET=utf8 COLLATE=utf8_unicode_ci;

/*Data for the table `sessions` */

insert  into `sessions`(`id`,`payload`,`last_activity`,`un`) values ('510d4570c2f2718064f5e3e91bf8df910916149b','YTozOntzOjY6Il90b2tlbiI7czo0MDoiNXNQTDROUDFjQzhVTkdvSllsOEowQlJ3bWNDdTUwUFhyeTJTYVBhbiI7czo5OiJfc2YyX21ldGEiO2E6Mzp7czoxOiJ1IjtpOjE0NTkwNjI2MjI7czoxOiJjIjtpOjE0NTkwNjI2MjI7czoxOiJsIjtzOjE6IjAiO31zOjU6ImZsYXNoIjthOjI6e3M6Mzoib2xkIjthOjA6e31zOjM6Im5ldyI7YTowOnt9fX0=',1459062622,2),('6e4351a6c6748beb80390b4796263392845660cb','YToxMTp7czo2OiJfdG9rZW4iO3M6NDA6ImJDbU9qeENtcWE2eDVZTktIZjByV21oaHJJRGtzbkpUOENnazJUcXQiO3M6NToiZmxhc2giO2E6Mjp7czozOiJvbGQiO2E6MDp7fXM6MzoibmV3IjthOjA6e319czo2OiJ1c2VySWQiO2k6MjtzOjk6ImZpcnN0TmFtZSI7czoyNjoic2hydXRpcHVydXNoYW4yMEBnbWFpbC5jb20iO3M6ODoibGFzdE5hbWUiO3M6MjY6InNocnV0aXB1cnVzaGFuMjBAZ21haWwuY29tIjtzOjEwOiJwcm9maWxlUGljIjtOO3M6NDoicm9sZSI7aTozO3M6OToiY2hhbm5lbElkIjtOO3M6NjoidHpOYW1lIjtzOjEzOiJBc2lhL0NhbGN1dHRhIjtzOjM4OiJsb2dpbl84MmU1ZDJjNTZiZGQwODExMzE4ZjBjZjA3OGI3OGJmYyI7aToyO3M6OToiX3NmMl9tZXRhIjthOjM6e3M6MToidSI7aToxNDU5MDY1NTM2O3M6MToiYyI7aToxNDU5MDYyNjIyO3M6MToibCI7czoxOiIwIjt9fQ==',1459065537,4),('c19aad4e5b7317c0572bb2aa6736a089970564a5','YTozOntzOjY6Il90b2tlbiI7czo0MDoiaE4wSnd5c2V4THNKb2J0SnBnVzJwNUhFMlZRYlhLNVE4akp6Z3NaUCI7czo5OiJfc2YyX21ldGEiO2E6Mzp7czoxOiJ1IjtpOjE0NTkyNTk5OTY7czoxOiJjIjtpOjE0NTkyNTk5OTY7czoxOiJsIjtzOjE6IjAiO31zOjU6ImZsYXNoIjthOjI6e3M6Mzoib2xkIjthOjA6e31zOjM6Im5ldyI7YTowOnt9fX0=',1459259997,5),('933a089d8912d14b2f7dcabcf931d1f31c9fb493','YTozOntzOjY6Il90b2tlbiI7czo0MDoiUU1OVXJrQnZYUUo0Z2ZwWXFVUm5NaXdzMGNkZEFJbWNFOEVUTWZLdCI7czo1OiJmbGFzaCI7YToyOntzOjM6Im9sZCI7YTowOnt9czozOiJuZXciO2E6MDp7fX1zOjk6Il9zZjJfbWV0YSI7YTozOntzOjE6InUiO2k6MTQ1OTI2MDQ0MTtzOjE6ImMiO2k6MTQ1OTI2MDM5OTtzOjE6ImwiO3M6MToiMCI7fX0=',1459260441,6),('b5ccc0c7fa0546c9339c85419bc15b22f6f90a55','YTozOntzOjY6Il90b2tlbiI7czo0MDoiMTlyc0VNaHVhOVB4VnFud1JPZjJuMUFoYUlvZmQ1Q1gxNmV1b3pNVyI7czo5OiJfc2YyX21ldGEiO2E6Mzp7czoxOiJ1IjtpOjE0NTkyNjA5NDk7czoxOiJjIjtpOjE0NTkyNjA5NDk7czoxOiJsIjtzOjE6IjAiO31zOjU6ImZsYXNoIjthOjI6e3M6Mzoib2xkIjthOjA6e31zOjM6Im5ldyI7YTowOnt9fX0=',1459260949,7),('6618d1d1524400398a9d4152047806aa1533d92c','YToxMTp7czo2OiJfdG9rZW4iO3M6NDA6IkpMeEVKYlFNdEFLanFVRHhxMUtKM0MzY09SaVZQckdRRTdSWkwzcEMiO3M6NToiZmxhc2giO2E6Mjp7czozOiJvbGQiO2E6MDp7fXM6MzoibmV3IjthOjA6e319czozODoibG9naW5fODJlNWQyYzU2YmRkMDgxMTMxOGYwY2YwNzhiNzhiZmMiO2k6MTtzOjY6InVzZXJJZCI7aToxO3M6OToiZmlyc3ROYW1lIjtzOjc6Inl1dmFyYWoiO3M6ODoibGFzdE5hbWUiO3M6ODoiTXVkYWxpYXIiO3M6MTA6InByb2ZpbGVQaWMiO047czo0OiJyb2xlIjtpOjE7czo5OiJjaGFubmVsSWQiO2k6MTtzOjY6InR6TmFtZSI7czoxMzoiQXNpYS9DYWxjdXR0YSI7czo5OiJfc2YyX21ldGEiO2E6Mzp7czoxOiJ1IjtpOjE0NTkyNzIyOTc7czoxOiJjIjtpOjE0NTkyNjYxNzg7czoxOiJsIjtzOjE6IjAiO319',1459272297,9),('33e7f77f6bbd1909894f7af5967c081f3e696c85','YTozOntzOjY6Il90b2tlbiI7czo0MDoiM2s1aGlxaVh0ZEtPZWtQWWdEVjdEY1pGeFVNRTY1Y0RGZ2tYQmNqNCI7czo5OiJfc2YyX21ldGEiO2E6Mzp7czoxOiJ1IjtpOjE0NTkzNDczMzI7czoxOiJjIjtpOjE0NTkzNDczMzI7czoxOiJsIjtzOjE6IjAiO31zOjU6ImZsYXNoIjthOjI6e3M6Mzoib2xkIjthOjA6e31zOjM6Im5ldyI7YTowOnt9fX0=',1459347332,10),('ccdab5289070840d0ac68b7a74dea2c6ab3125bc','YToxMTp7czo2OiJfdG9rZW4iO3M6NDA6Im0ydXVUenpvajhIOXlFb3c0aUZ6ZkZlZUxwZmRBbU9hN2gwVUZqVjUiO3M6NToiZmxhc2giO2E6Mjp7czozOiJvbGQiO2E6MDp7fXM6MzoibmV3IjthOjA6e319czozODoibG9naW5fODJlNWQyYzU2YmRkMDgxMTMxOGYwY2YwNzhiNzhiZmMiO2k6MTtzOjY6InVzZXJJZCI7aToxO3M6OToiZmlyc3ROYW1lIjtzOjc6Inl1dmFyYWoiO3M6ODoibGFzdE5hbWUiO3M6ODoiTXVkYWxpYXIiO3M6MTA6InByb2ZpbGVQaWMiO047czo0OiJyb2xlIjtpOjE7czo5OiJjaGFubmVsSWQiO2k6MTtzOjY6InR6TmFtZSI7czoxMzoiQXNpYS9DYWxjdXR0YSI7czo5OiJfc2YyX21ldGEiO2E6Mzp7czoxOiJ1IjtpOjE0NTkzNTk0OTg7czoxOiJjIjtpOjE0NTkzNDczMzI7czoxOiJsIjtzOjE6IjAiO319',1459359498,12),('30423ddc1de4f60832968c0e605e0abef375176c','YTozOntzOjY6Il90b2tlbiI7czo0MDoiaFZEYUtQNkdrQzFJYWJQYXhiWGxzSkFucHc4TmlqUHZyRFdMYUVzNCI7czo5OiJfc2YyX21ldGEiO2E6Mzp7czoxOiJ1IjtpOjE0NTk0MzI5ODM7czoxOiJjIjtpOjE0NTk0MzI5ODM7czoxOiJsIjtzOjE6IjAiO31zOjU6ImZsYXNoIjthOjI6e3M6Mzoib2xkIjthOjA6e31zOjM6Im5ldyI7YTowOnt9fX0=',1459432983,13),('60169bd2efc6047586f36098e037fe3502adb5bd','YTozOntzOjY6Il90b2tlbiI7czo0MDoiM1NoSEFCV0dLZzViYjVOallxeWVMb2U3ZFV2cjZLWVJQRjVBOTc0TyI7czo5OiJfc2YyX21ldGEiO2E6Mzp7czoxOiJ1IjtpOjE0NTk0MzMwNDU7czoxOiJjIjtpOjE0NTk0MzMwNDU7czoxOiJsIjtzOjE6IjAiO31zOjU6ImZsYXNoIjthOjI6e3M6Mzoib2xkIjthOjA6e31zOjM6Im5ldyI7YTowOnt9fX0=',1459433046,14),('399aefa7fb973beda88bb5a4c4c517b05965dd2c','YTozOntzOjY6Il90b2tlbiI7czo0MDoiRWMwVVdyb1Y1ZG1PZUUyUVBhUVY4Sjl0Qk5RMnhTUUVOT3QxdlhPYyI7czo5OiJfc2YyX21ldGEiO2E6Mzp7czoxOiJ1IjtpOjE0NTk1MTk3NDk7czoxOiJjIjtpOjE0NTk1MTk3NDk7czoxOiJsIjtzOjE6IjAiO31zOjU6ImZsYXNoIjthOjI6e3M6Mzoib2xkIjthOjA6e31zOjM6Im5ldyI7YTowOnt9fX0=',1459519750,15),('da056aceb9a0b2f4e474687e800a623632864f9a','YTozOntzOjY6Il90b2tlbiI7czo0MDoiUTdmMDc5dnpVQnVYQ3hyR3JjUWN0Y0lJbE9MSGo2RklTQlRnMEF5SSI7czo5OiJfc2YyX21ldGEiO2E6Mzp7czoxOiJ1IjtpOjE0NTk1MjAxMDk7czoxOiJjIjtpOjE0NTk1MjAxMDk7czoxOiJsIjtzOjE6IjAiO31zOjU6ImZsYXNoIjthOjI6e3M6Mzoib2xkIjthOjA6e31zOjM6Im5ldyI7YTowOnt9fX0=',1459520109,16),('d63b20442592ac6a42e06e11d8e3ff546f0b00af','YTozOntzOjY6Il90b2tlbiI7czo0MDoidTM3dVBjc1FVbU1LcXY0TTQ0THREVmJDbFZRM1VxUzVINU1GeHlSRiI7czo5OiJfc2YyX21ldGEiO2E6Mzp7czoxOiJ1IjtpOjE0NTk1MjAxNjY7czoxOiJjIjtpOjE0NTk1MjAxNjY7czoxOiJsIjtzOjE6IjAiO31zOjU6ImZsYXNoIjthOjI6e3M6Mzoib2xkIjthOjA6e31zOjM6Im5ldyI7YTowOnt9fX0=',1459520166,17),('35987fef30b5d939869369a0df43e2392fa5ef2a','YTozOntzOjY6Il90b2tlbiI7czo0MDoiZU41N09BSm5LSXJZclR1TXdURzZGdU5kRUphbENMS1ZOZmd5TUgzSiI7czo5OiJfc2YyX21ldGEiO2E6Mzp7czoxOiJ1IjtpOjE0NTk1MjAyMjk7czoxOiJjIjtpOjE0NTk1MjAyMjk7czoxOiJsIjtzOjE6IjAiO31zOjU6ImZsYXNoIjthOjI6e3M6Mzoib2xkIjthOjA6e31zOjM6Im5ldyI7YTowOnt9fX0=',1459520229,18),('0cc383af1efee5c55b502e86b64cc72d4db01ec6','YTozOntzOjY6Il90b2tlbiI7czo0MDoiZkxGQ1ZPS0UwODVGWHY4QVhVSHd5d2ltVnIzMzlBZngxcnlFeVhtVCI7czo5OiJfc2YyX21ldGEiO2E6Mzp7czoxOiJ1IjtpOjE0NTk1MjA2NjE7czoxOiJjIjtpOjE0NTk1MjA2NjE7czoxOiJsIjtzOjE6IjAiO31zOjU6ImZsYXNoIjthOjI6e3M6Mzoib2xkIjthOjA6e31zOjM6Im5ldyI7YTowOnt9fX0=',1459520661,19),('0978edcb76a2871a30ada8c00a7d43263385c995','YTozOntzOjY6Il90b2tlbiI7czo0MDoiWjhvREhPcHpkc3hES2lsdDhQT2NPM0xUbk9aaTFjV25ZaHFXSGZuTSI7czo5OiJfc2YyX21ldGEiO2E6Mzp7czoxOiJ1IjtpOjE0NTk1MjA4Mzk7czoxOiJjIjtpOjE0NTk1MjA4Mzk7czoxOiJsIjtzOjE6IjAiO31zOjU6ImZsYXNoIjthOjI6e3M6Mzoib2xkIjthOjA6e31zOjM6Im5ldyI7YTowOnt9fX0=',1459520839,20),('13415d0c4614a7f97bad7941c4cb65d0b4584d5c','YTozOntzOjY6Il90b2tlbiI7czo0MDoiMWw1VWYyMTNOMklmU2ZkWFZmdlF3dkdka2pMMk15aEtiRDRtTlN4eSI7czo1OiJmbGFzaCI7YToyOntzOjM6Im9sZCI7YTowOnt9czozOiJuZXciO2E6MDp7fX1zOjk6Il9zZjJfbWV0YSI7YTozOntzOjE6InUiO2k6MTQ1OTUyMTQ4MDtzOjE6ImMiO2k6MTQ1OTUyMDg0MztzOjE6ImwiO3M6MToiMCI7fX0=',1459521480,21),('8aa8d5f6244639d4f5083e76b65dabff50cab1cf','YTozOntzOjY6Il90b2tlbiI7czo0MDoiaXJyVG5yZ0xCYXp2NTB2b0N1T1JBb0hrOEdKdnlUTUNkTWxVWXNBSyI7czo5OiJfc2YyX21ldGEiO2E6Mzp7czoxOiJ1IjtpOjE0NTk1MjE3MTE7czoxOiJjIjtpOjE0NTk1MjE3MTE7czoxOiJsIjtzOjE6IjAiO31zOjU6ImZsYXNoIjthOjI6e3M6Mzoib2xkIjthOjA6e31zOjM6Im5ldyI7YTowOnt9fX0=',1459521711,22),('203be18cb3e0a4722169c4cf6a6110f95a692dee','YTozOntzOjY6Il90b2tlbiI7czo0MDoiQ1pBNnl2UHNkOWc3NXM2RVB0NUJIbTFYWnlZSGRaQnljbkhZN2hjbiI7czo5OiJfc2YyX21ldGEiO2E6Mzp7czoxOiJ1IjtpOjE0NTk1MjE3MTc7czoxOiJjIjtpOjE0NTk1MjE3MTc7czoxOiJsIjtzOjE6IjAiO31zOjU6ImZsYXNoIjthOjI6e3M6Mzoib2xkIjthOjA6e31zOjM6Im5ldyI7YTowOnt9fX0=',1459521717,23),('61adada93d267ffe139811d18ed0bd6277454216','YTozOntzOjY6Il90b2tlbiI7czo0MDoiV0czdzZ3R3dnVFQ4bUl6MnB5ekxyVkxYQ1JpNkZ1Q0ZuNlBBQ01sdiI7czo1OiJmbGFzaCI7YToyOntzOjM6Im9sZCI7YTowOnt9czozOiJuZXciO2E6MDp7fX1zOjk6Il9zZjJfbWV0YSI7YTozOntzOjE6InUiO2k6MTQ1OTUyNDAwNDtzOjE6ImMiO2k6MTQ1OTUyMzcxMztzOjE6ImwiO3M6MToiMCI7fX0=',1459524004,24),('1b9800847393a3d903bb5a29fa3b5382ab5d4500','YTozOntzOjY6Il90b2tlbiI7czo0MDoicEdLNzM0dlpVODZ5SEJhUVVTTFVoWG9DRkpwZHExcFJoOW4wWXhCNCI7czo5OiJfc2YyX21ldGEiO2E6Mzp7czoxOiJ1IjtpOjE0NTk1MjM5Nzk7czoxOiJjIjtpOjE0NTk1MjM5Nzk7czoxOiJsIjtzOjE6IjAiO31zOjU6ImZsYXNoIjthOjI6e3M6Mzoib2xkIjthOjA6e31zOjM6Im5ldyI7YTowOnt9fX0=',1459523979,25),('bd81d7dc18fbfceb4e93baf8110afe1332139255','YTozOntzOjY6Il90b2tlbiI7czo0MDoiSWtJNkk4U2NKQzBZMktLSGdoNzZnNE1YUU1mZTlkcXFUUFVtNllrTCI7czo5OiJfc2YyX21ldGEiO2E6Mzp7czoxOiJ1IjtpOjE0NTk1MjUzNjI7czoxOiJjIjtpOjE0NTk1MjUzNjI7czoxOiJsIjtzOjE6IjAiO31zOjU6ImZsYXNoIjthOjI6e3M6Mzoib2xkIjthOjA6e31zOjM6Im5ldyI7YTowOnt9fX0=',1459525362,26),('c9c3ed4fa7cc1c31baa5fc9813a065a2ad0e145c','YTozOntzOjY6Il90b2tlbiI7czo0MDoiSlpqWnFOd3dwdk02MHE5YlRJQXB2SFRiRUdlWUw2M291bnZHeWh0MSI7czo5OiJfc2YyX21ldGEiO2E6Mzp7czoxOiJ1IjtpOjE0NTk1MjU0NDE7czoxOiJjIjtpOjE0NTk1MjU0NDE7czoxOiJsIjtzOjE6IjAiO31zOjU6ImZsYXNoIjthOjI6e3M6Mzoib2xkIjthOjA6e31zOjM6Im5ldyI7YTowOnt9fX0=',1459525441,27),('3915dffc88564741f3e26d0c132852010497a9a9','YTozOntzOjY6Il90b2tlbiI7czo0MDoidUxDQ0xQME1xVmVVaFVSVHZreDJxTGM5WGhBZnppV25uQWY1cG5XSyI7czo5OiJfc2YyX21ldGEiO2E6Mzp7czoxOiJ1IjtpOjE0NTk1MjU0NDM7czoxOiJjIjtpOjE0NTk1MjU0NDM7czoxOiJsIjtzOjE6IjAiO31zOjU6ImZsYXNoIjthOjI6e3M6Mzoib2xkIjthOjA6e31zOjM6Im5ldyI7YTowOnt9fX0=',1459525443,28),('c16cf6ab378a7c71fb244a61f9c4a8da30d14a17','YTozOntzOjY6Il90b2tlbiI7czo0MDoiRjRmSmU3djJ6Vjdwd2UwcGdzY2NQUFlrRUlLWE5yU2JsTE1zeUVVWSI7czo5OiJfc2YyX21ldGEiO2E6Mzp7czoxOiJ1IjtpOjE0NTk1MjU0NTU7czoxOiJjIjtpOjE0NTk1MjU0NTU7czoxOiJsIjtzOjE6IjAiO31zOjU6ImZsYXNoIjthOjI6e3M6Mzoib2xkIjthOjA6e31zOjM6Im5ldyI7YTowOnt9fX0=',1459525455,29),('cd78b405949867a5ffde55d48fa5ae7740834670','YTozOntzOjY6Il90b2tlbiI7czo0MDoidlRXekpiQTBKQU92T1d4b2tENld1SEZjd1hza0NUS3cyVlpDZUZtTiI7czo5OiJfc2YyX21ldGEiO2E6Mzp7czoxOiJ1IjtpOjE0NTk1MjU0Njg7czoxOiJjIjtpOjE0NTk1MjU0Njg7czoxOiJsIjtzOjE6IjAiO31zOjU6ImZsYXNoIjthOjI6e3M6Mzoib2xkIjthOjA6e31zOjM6Im5ldyI7YTowOnt9fX0=',1459525468,30),('a6e9c838040fa73e78d2b11262d4711e401431b1','YTozOntzOjY6Il90b2tlbiI7czo0MDoiU20yTUVBSUl4RzJTYktmUE95b2thSE9jVFo3MXFxMUg0SWhjSmR1MyI7czo5OiJfc2YyX21ldGEiO2E6Mzp7czoxOiJ1IjtpOjE0NTk1MjU0ODA7czoxOiJjIjtpOjE0NTk1MjU0ODA7czoxOiJsIjtzOjE6IjAiO31zOjU6ImZsYXNoIjthOjI6e3M6Mzoib2xkIjthOjA6e31zOjM6Im5ldyI7YTowOnt9fX0=',1459525480,31),('dae9ad93a4471426d592721d18f0ba5bd1f2e369','YTozOntzOjY6Il90b2tlbiI7czo0MDoiSXQ0OEVhRXlCdHREZ3NMMHZXRXBGRmQzOEQ3RGpwbUI4ZHd3OVg2VSI7czo5OiJfc2YyX21ldGEiO2E6Mzp7czoxOiJ1IjtpOjE0NTk1MjU0OTM7czoxOiJjIjtpOjE0NTk1MjU0OTM7czoxOiJsIjtzOjE6IjAiO31zOjU6ImZsYXNoIjthOjI6e3M6Mzoib2xkIjthOjA6e31zOjM6Im5ldyI7YTowOnt9fX0=',1459525493,32),('265de05bd6b03c5d4321fd52e747c79482b03797','YTozOntzOjY6Il90b2tlbiI7czo0MDoiS2xBQ29QMVN0S3NnOW1OVFVaeDdnUG5FUkIwbFdJY0duTXd1WTB4WSI7czo5OiJfc2YyX21ldGEiO2E6Mzp7czoxOiJ1IjtpOjE0NTk1MjU1MDU7czoxOiJjIjtpOjE0NTk1MjU1MDU7czoxOiJsIjtzOjE6IjAiO31zOjU6ImZsYXNoIjthOjI6e3M6Mzoib2xkIjthOjA6e31zOjM6Im5ldyI7YTowOnt9fX0=',1459525505,33),('84316711ea671293e7bc83aa67ef54a0ec8d4aa9','YTozOntzOjY6Il90b2tlbiI7czo0MDoiZUVsaVAwV3VSM3Q0U1FoOG9sRURKU096THpyV1dxYWUyam9oNmpoWSI7czo5OiJfc2YyX21ldGEiO2E6Mzp7czoxOiJ1IjtpOjE0NTk1MjU1MTg7czoxOiJjIjtpOjE0NTk1MjU1MTg7czoxOiJsIjtzOjE6IjAiO31zOjU6ImZsYXNoIjthOjI6e3M6Mzoib2xkIjthOjA6e31zOjM6Im5ldyI7YTowOnt9fX0=',1459525518,34),('765c483bf753e7e73137ac3b3b65648182749424','YTozOntzOjY6Il90b2tlbiI7czo0MDoiQzM0UFFQQm5DREJFUnB1YUQxemdlRzZEejVzbXZVTmFOMXVUV3pTMCI7czo5OiJfc2YyX21ldGEiO2E6Mzp7czoxOiJ1IjtpOjE0NTk1MjU1MzA7czoxOiJjIjtpOjE0NTk1MjU1MzA7czoxOiJsIjtzOjE6IjAiO31zOjU6ImZsYXNoIjthOjI6e3M6Mzoib2xkIjthOjA6e31zOjM6Im5ldyI7YTowOnt9fX0=',1459525530,35),('4ea91de2c984be07881b4a2db3d6e3b65d4c2982','YTozOntzOjY6Il90b2tlbiI7czo0MDoiS2RjWUFrTGFQRGFzbVpoWm1RbmxPZFl4eTZSd1QxVlBZV2VXSjNEbCI7czo5OiJfc2YyX21ldGEiO2E6Mzp7czoxOiJ1IjtpOjE0NTk1MjU1NDM7czoxOiJjIjtpOjE0NTk1MjU1NDM7czoxOiJsIjtzOjE6IjAiO31zOjU6ImZsYXNoIjthOjI6e3M6Mzoib2xkIjthOjA6e31zOjM6Im5ldyI7YTowOnt9fX0=',1459525543,36),('d4ef8f1671a114bded96a76ad19808fe97b19545','YTozOntzOjY6Il90b2tlbiI7czo0MDoiWExPUUtncTI0T0Vzc2dzV3RjcTJmS2dyZkRsYUlBeklJMXlGbkloTyI7czo5OiJfc2YyX21ldGEiO2E6Mzp7czoxOiJ1IjtpOjE0NTk1MjU1NTU7czoxOiJjIjtpOjE0NTk1MjU1NTU7czoxOiJsIjtzOjE6IjAiO31zOjU6ImZsYXNoIjthOjI6e3M6Mzoib2xkIjthOjA6e31zOjM6Im5ldyI7YTowOnt9fX0=',1459525555,37),('0d45059a7b7ffcd678eab222848decaf01c831fe','YTozOntzOjY6Il90b2tlbiI7czo0MDoiVGhGUUV6SUEya0loWW04UUM4Z1hRbENTNDJuZm5UMHRPalBQTFV2cSI7czo5OiJfc2YyX21ldGEiO2E6Mzp7czoxOiJ1IjtpOjE0NTk1MjU1Njg7czoxOiJjIjtpOjE0NTk1MjU1Njg7czoxOiJsIjtzOjE6IjAiO31zOjU6ImZsYXNoIjthOjI6e3M6Mzoib2xkIjthOjA6e31zOjM6Im5ldyI7YTowOnt9fX0=',1459525568,38),('9558c6658a8dd28e41afd4e186fb3e5dc1eb30c9','YTozOntzOjY6Il90b2tlbiI7czo0MDoiQ0VhdHJ3bmJhWXpzV0c5WU5lWkNiSE1BWnZrNTI3cHM4VHkxaVlyRCI7czo5OiJfc2YyX21ldGEiO2E6Mzp7czoxOiJ1IjtpOjE0NTk1MjU1ODA7czoxOiJjIjtpOjE0NTk1MjU1ODA7czoxOiJsIjtzOjE6IjAiO31zOjU6ImZsYXNoIjthOjI6e3M6Mzoib2xkIjthOjA6e31zOjM6Im5ldyI7YTowOnt9fX0=',1459525580,39),('143b3b0fd3181f2db15d9ebc4f08c23031e2cf60','YTozOntzOjY6Il90b2tlbiI7czo0MDoiUDhualJpVnE4Q2ZoWDh2eXViRHIyZmNTT1hhelV4NHF5NHBxM0EzaiI7czo5OiJfc2YyX21ldGEiO2E6Mzp7czoxOiJ1IjtpOjE0NTk1MjU1OTM7czoxOiJjIjtpOjE0NTk1MjU1OTM7czoxOiJsIjtzOjE6IjAiO31zOjU6ImZsYXNoIjthOjI6e3M6Mzoib2xkIjthOjA6e31zOjM6Im5ldyI7YTowOnt9fX0=',1459525593,40),('b2722127cd6ede65005e09ea5855a47e8ebc54d7','YTozOntzOjY6Il90b2tlbiI7czo0MDoiNjRaRmw2MlJqTGFhaXZnSEVxSG9SMjZPcUxMU2I5VEJPczAzMWg4VCI7czo5OiJfc2YyX21ldGEiO2E6Mzp7czoxOiJ1IjtpOjE0NTk1MjU2MDU7czoxOiJjIjtpOjE0NTk1MjU2MDU7czoxOiJsIjtzOjE6IjAiO31zOjU6ImZsYXNoIjthOjI6e3M6Mzoib2xkIjthOjA6e31zOjM6Im5ldyI7YTowOnt9fX0=',1459525605,41),('7ec3366d43910044a330afb2c944711aeb5b8505','YTozOntzOjY6Il90b2tlbiI7czo0MDoibGhIOW9NT3Bwa3R2ancxTm43bGZqdEJieWpVOXVpQjVjaWdiTk8wbiI7czo5OiJfc2YyX21ldGEiO2E6Mzp7czoxOiJ1IjtpOjE0NTk1MjU2MTg7czoxOiJjIjtpOjE0NTk1MjU2MTg7czoxOiJsIjtzOjE6IjAiO31zOjU6ImZsYXNoIjthOjI6e3M6Mzoib2xkIjthOjA6e31zOjM6Im5ldyI7YTowOnt9fX0=',1459525618,42),('77d9ef46515de8397b30af809bbff7b46f4a1fef','YTozOntzOjY6Il90b2tlbiI7czo0MDoibGxCTFowaXh6Q3RMc25qSTk0YkFDTzFXeGpVREJYeHlBaDN0SXVOWCI7czo5OiJfc2YyX21ldGEiO2E6Mzp7czoxOiJ1IjtpOjE0NTk1MjU2MzA7czoxOiJjIjtpOjE0NTk1MjU2MzA7czoxOiJsIjtzOjE6IjAiO31zOjU6ImZsYXNoIjthOjI6e3M6Mzoib2xkIjthOjA6e31zOjM6Im5ldyI7YTowOnt9fX0=',1459525630,43),('4f140a01c50390398d62a6b61e1dfb49e1c7d25d','YTozOntzOjY6Il90b2tlbiI7czo0MDoiek03bjNNNDRqRGoyeFVsc2wzb0o3bTVUQ3ZDOXA5TkNINm5MdFlIVCI7czo5OiJfc2YyX21ldGEiO2E6Mzp7czoxOiJ1IjtpOjE0NTk1MjU2NDM7czoxOiJjIjtpOjE0NTk1MjU2NDM7czoxOiJsIjtzOjE6IjAiO31zOjU6ImZsYXNoIjthOjI6e3M6Mzoib2xkIjthOjA6e31zOjM6Im5ldyI7YTowOnt9fX0=',1459525643,44),('bcb2170b396d188b47520a91f3f1807123c03942','YTozOntzOjY6Il90b2tlbiI7czo0MDoiUVNDR3ZPbjIyNW1uOE5pdk1ZTkJqRENRa3duTHRuUFYxSWU3ZmxnRiI7czo5OiJfc2YyX21ldGEiO2E6Mzp7czoxOiJ1IjtpOjE0NTk1MjU2NTU7czoxOiJjIjtpOjE0NTk1MjU2NTU7czoxOiJsIjtzOjE6IjAiO31zOjU6ImZsYXNoIjthOjI6e3M6Mzoib2xkIjthOjA6e31zOjM6Im5ldyI7YTowOnt9fX0=',1459525655,45),('9749c0bfddbcf9f883a0888927d59204fe76d75d','YTozOntzOjY6Il90b2tlbiI7czo0MDoiNHByZ1I4YjFTU2VyYWFDYTMzRmdGWnk3YUNXUUtRNlE2cWlUN0lMSyI7czo5OiJfc2YyX21ldGEiO2E6Mzp7czoxOiJ1IjtpOjE0NTk1MjU2Njg7czoxOiJjIjtpOjE0NTk1MjU2Njg7czoxOiJsIjtzOjE6IjAiO31zOjU6ImZsYXNoIjthOjI6e3M6Mzoib2xkIjthOjA6e31zOjM6Im5ldyI7YTowOnt9fX0=',1459525668,46),('83e47282e02afd7906f6870d25c2ba29150f65f2','YTozOntzOjY6Il90b2tlbiI7czo0MDoiYm5EVXliNU1OTlA5a2o1dUhtZWtxU0Rka3VEMTJHZWh1YnFPYkt0NCI7czo5OiJfc2YyX21ldGEiO2E6Mzp7czoxOiJ1IjtpOjE0NTk1MjU2ODA7czoxOiJjIjtpOjE0NTk1MjU2ODA7czoxOiJsIjtzOjE6IjAiO31zOjU6ImZsYXNoIjthOjI6e3M6Mzoib2xkIjthOjA6e31zOjM6Im5ldyI7YTowOnt9fX0=',1459525680,47),('5cca31b6eebaf0a3b8af349af75d5251e1f16dec','YTozOntzOjY6Il90b2tlbiI7czo0MDoib0pKT1hRMG1tRll1TEZaUWUxRXJnd2RTSXVDMUs1RkNvc29hSFpPRiI7czo5OiJfc2YyX21ldGEiO2E6Mzp7czoxOiJ1IjtpOjE0NTk1MjU2ODc7czoxOiJjIjtpOjE0NTk1MjU2ODc7czoxOiJsIjtzOjE6IjAiO31zOjU6ImZsYXNoIjthOjI6e3M6Mzoib2xkIjthOjA6e31zOjM6Im5ldyI7YTowOnt9fX0=',1459525687,48),('684b0eec0b3d116a875a3ec43189a8be661653af','YTozOntzOjY6Il90b2tlbiI7czo0MDoiTXpZSVRFeTY1VEx4eXl0b2dCMFFDZWpUMEp6TEVhUHFydnVrSUVXZyI7czo5OiJfc2YyX21ldGEiO2E6Mzp7czoxOiJ1IjtpOjE0NTk1MjU2OTM7czoxOiJjIjtpOjE0NTk1MjU2OTM7czoxOiJsIjtzOjE6IjAiO31zOjU6ImZsYXNoIjthOjI6e3M6Mzoib2xkIjthOjA6e31zOjM6Im5ldyI7YTowOnt9fX0=',1459525693,49),('d63c773328582e767b7c15d33cf7c30b4d2edc67','YTozOntzOjY6Il90b2tlbiI7czo0MDoiOXdkZ3BDejZSZFBwdTFQalM1WGxaazAwaEd1QUJaU0RXdHpQYXBYVSI7czo5OiJfc2YyX21ldGEiO2E6Mzp7czoxOiJ1IjtpOjE0NTk1MjU2OTg7czoxOiJjIjtpOjE0NTk1MjU2OTg7czoxOiJsIjtzOjE6IjAiO31zOjU6ImZsYXNoIjthOjI6e3M6Mzoib2xkIjthOjA6e31zOjM6Im5ldyI7YTowOnt9fX0=',1459525698,50),('2266ba16e1f1dc5d6f7a781a629900509268a297','YTozOntzOjY6Il90b2tlbiI7czo0MDoiVHhHZ251b29vdThYTUJZaXNoRldUcThQUmx5ZUFZTWRpNU1jSVZ1NyI7czo5OiJfc2YyX21ldGEiO2E6Mzp7czoxOiJ1IjtpOjE0NTk1MjU3MDU7czoxOiJjIjtpOjE0NTk1MjU3MDU7czoxOiJsIjtzOjE6IjAiO31zOjU6ImZsYXNoIjthOjI6e3M6Mzoib2xkIjthOjA6e31zOjM6Im5ldyI7YTowOnt9fX0=',1459525705,51),('d4ee39cf986f5199ce1427658ae50013587bbf87','YTozOntzOjY6Il90b2tlbiI7czo0MDoiUnd5aHhHamwxSVBsSW52THI4T3hnSXFaWUNnN0RqemNGSGJvTUtIYSI7czo5OiJfc2YyX21ldGEiO2E6Mzp7czoxOiJ1IjtpOjE0NTk1MjU3MjE7czoxOiJjIjtpOjE0NTk1MjU3MjE7czoxOiJsIjtzOjE6IjAiO31zOjU6ImZsYXNoIjthOjI6e3M6Mzoib2xkIjthOjA6e31zOjM6Im5ldyI7YTowOnt9fX0=',1459525721,52),('0e8c36a13446a02aadc3ff853388463cc2589d44','YTozOntzOjY6Il90b2tlbiI7czo0MDoiNEhwMDlaTWZ5bmZ2ZmV0YXdCVlpzVm5XMEFSUkJGeHo5bEYxQ05OdSI7czo5OiJfc2YyX21ldGEiO2E6Mzp7czoxOiJ1IjtpOjE0NTk1MjU3MzA7czoxOiJjIjtpOjE0NTk1MjU3MzA7czoxOiJsIjtzOjE6IjAiO31zOjU6ImZsYXNoIjthOjI6e3M6Mzoib2xkIjthOjA6e31zOjM6Im5ldyI7YTowOnt9fX0=',1459525730,53),('9eeea9a3f3ca18377cf31a79f9dff80cb2b30f8b','YTozOntzOjY6Il90b2tlbiI7czo0MDoiOVFsVGRSNzRTbXJ3YTNsTlZheE5yNG1oZjNURzMyNk01Qzl2b2wzVCI7czo5OiJfc2YyX21ldGEiO2E6Mzp7czoxOiJ1IjtpOjE0NTk1MjU5OTM7czoxOiJjIjtpOjE0NTk1MjU5OTM7czoxOiJsIjtzOjE6IjAiO31zOjU6ImZsYXNoIjthOjI6e3M6Mzoib2xkIjthOjA6e31zOjM6Im5ldyI7YTowOnt9fX0=',1459525993,54),('6794bd08859979e2528e0557367dfddcd953db64','YTozOntzOjY6Il90b2tlbiI7czo0MDoieFNxcEJiRGZOUmsxZFpnRFhtRzBEVjlEQ1Y4OGtDRUFsZGFUSllYdyI7czo5OiJfc2YyX21ldGEiO2E6Mzp7czoxOiJ1IjtpOjE0NTk1MjYwNzI7czoxOiJjIjtpOjE0NTk1MjYwNzI7czoxOiJsIjtzOjE6IjAiO31zOjU6ImZsYXNoIjthOjI6e3M6Mzoib2xkIjthOjA6e31zOjM6Im5ldyI7YTowOnt9fX0=',1459526072,55),('39908875c6441cfd701acee50efbf04f0d5509a6','YTozOntzOjY6Il90b2tlbiI7czo0MDoiTmZ0VDk0OFZSWWxmMWNsQ2htZTJIM2JzQU00YWR1ZjRqMTBHY01XQSI7czo5OiJfc2YyX21ldGEiO2E6Mzp7czoxOiJ1IjtpOjE0NTk1MjYwNzM7czoxOiJjIjtpOjE0NTk1MjYwNzM7czoxOiJsIjtzOjE6IjAiO31zOjU6ImZsYXNoIjthOjI6e3M6Mzoib2xkIjthOjA6e31zOjM6Im5ldyI7YTowOnt9fX0=',1459526073,56),('d4a8fee8ebdbbbc5180bb9485dc1bd9d353b2e3c','YTozOntzOjY6Il90b2tlbiI7czo0MDoib042Q1ZDMUltZFFKTk5IMU9mRHZPNlpUZUR5R3JuM0lNZjRGTDhIRyI7czo5OiJfc2YyX21ldGEiO2E6Mzp7czoxOiJ1IjtpOjE0NTk1MjYwNzk7czoxOiJjIjtpOjE0NTk1MjYwNzk7czoxOiJsIjtzOjE6IjAiO31zOjU6ImZsYXNoIjthOjI6e3M6Mzoib2xkIjthOjA6e31zOjM6Im5ldyI7YTowOnt9fX0=',1459526079,57),('2e227d641a9b23d16278b3d6507c9cbca6cf22de','YTozOntzOjY6Il90b2tlbiI7czo0MDoiakxXdXIxbDFMcW5FREZLdnpaSXc0ZjIwSUhkOGR4UmZBekNOUzZSZSI7czo5OiJfc2YyX21ldGEiO2E6Mzp7czoxOiJ1IjtpOjE0NTk1MjYwODg7czoxOiJjIjtpOjE0NTk1MjYwODg7czoxOiJsIjtzOjE6IjAiO31zOjU6ImZsYXNoIjthOjI6e3M6Mzoib2xkIjthOjA6e31zOjM6Im5ldyI7YTowOnt9fX0=',1459526088,58),('254129c9733189efddce8c1971381185a084ab7c','YTozOntzOjY6Il90b2tlbiI7czo0MDoiVmNnR3ltTmk0OEtJcTZEMWxta0hFcjc1YjNybDE2SDZEeTEyNmhZVyI7czo5OiJfc2YyX21ldGEiO2E6Mzp7czoxOiJ1IjtpOjE0NTk1MjYwOTE7czoxOiJjIjtpOjE0NTk1MjYwOTE7czoxOiJsIjtzOjE6IjAiO31zOjU6ImZsYXNoIjthOjI6e3M6Mzoib2xkIjthOjA6e31zOjM6Im5ldyI7YTowOnt9fX0=',1459526091,59),('bee407edaf833cb8cb89f2c38cda35a9189a331c','YTozOntzOjY6Il90b2tlbiI7czo0MDoiN29vV0hCaUw0MlNkbzlpTWRqdjQ0SkIxNkdNanJsUzBsY1dLWm1UVSI7czo5OiJfc2YyX21ldGEiO2E6Mzp7czoxOiJ1IjtpOjE0NTk1MjYwOTc7czoxOiJjIjtpOjE0NTk1MjYwOTc7czoxOiJsIjtzOjE6IjAiO31zOjU6ImZsYXNoIjthOjI6e3M6Mzoib2xkIjthOjA6e31zOjM6Im5ldyI7YTowOnt9fX0=',1459526097,60),('0ab650be8bc37e0ab2dc04fc1085d055bca4c801','YTozOntzOjY6Il90b2tlbiI7czo0MDoiVWVWMEJWWlpicDVnZjAxcDluM3Y5T05lMVVnQUpaY0YyeU5pYjRFTyI7czo5OiJfc2YyX21ldGEiO2E6Mzp7czoxOiJ1IjtpOjE0NTk1MjYxMDM7czoxOiJjIjtpOjE0NTk1MjYxMDM7czoxOiJsIjtzOjE6IjAiO31zOjU6ImZsYXNoIjthOjI6e3M6Mzoib2xkIjthOjA6e31zOjM6Im5ldyI7YTowOnt9fX0=',1459526104,61),('1d36e93176dbde020069d153bbd9da3c81971e0e','YTozOntzOjY6Il90b2tlbiI7czo0MDoidWFudXdlbkN6TzVlV2RxOXlFWUpEY0lHU2tVMnZnc0FIYVJzbFVMZiI7czo5OiJfc2YyX21ldGEiO2E6Mzp7czoxOiJ1IjtpOjE0NTk1MjYxMTI7czoxOiJjIjtpOjE0NTk1MjYxMTI7czoxOiJsIjtzOjE6IjAiO31zOjU6ImZsYXNoIjthOjI6e3M6Mzoib2xkIjthOjA6e31zOjM6Im5ldyI7YTowOnt9fX0=',1459526112,62),('b8f8a0f2d6000d0d576a6f3334af0318f865cc6a','YTozOntzOjY6Il90b2tlbiI7czo0MDoiNG9VRWZwd2I0SXZlTjVsbDRTRGVXa2YyUHJQQ0hyaEZpT0wyS0J6cSI7czo5OiJfc2YyX21ldGEiO2E6Mzp7czoxOiJ1IjtpOjE0NTk1MjYxMTY7czoxOiJjIjtpOjE0NTk1MjYxMTY7czoxOiJsIjtzOjE6IjAiO31zOjU6ImZsYXNoIjthOjI6e3M6Mzoib2xkIjthOjA6e31zOjM6Im5ldyI7YTowOnt9fX0=',1459526116,63),('a166cc35144d974626d48fe95a0047eb2b39c81f','YTozOntzOjY6Il90b2tlbiI7czo0MDoiaFZvczVsdUJzNG9YYmlRZG9KRW5oaVNpczRvMjk4b25uU2RyeklobiI7czo5OiJfc2YyX21ldGEiO2E6Mzp7czoxOiJ1IjtpOjE0NTk1MjYxMjM7czoxOiJjIjtpOjE0NTk1MjYxMjM7czoxOiJsIjtzOjE6IjAiO31zOjU6ImZsYXNoIjthOjI6e3M6Mzoib2xkIjthOjA6e31zOjM6Im5ldyI7YTowOnt9fX0=',1459526123,64),('7489fd30e8f8fc155b1c76f6e3b2687c17c3a8fd','YTozOntzOjY6Il90b2tlbiI7czo0MDoiRUFRM2V3TUQ5Y0xtZGN1VXJVWHNrU0pUM1pRMFhWeGJzS0I0SUk1VSI7czo5OiJfc2YyX21ldGEiO2E6Mzp7czoxOiJ1IjtpOjE0NTk1MjYxMjk7czoxOiJjIjtpOjE0NTk1MjYxMjk7czoxOiJsIjtzOjE6IjAiO31zOjU6ImZsYXNoIjthOjI6e3M6Mzoib2xkIjthOjA6e31zOjM6Im5ldyI7YTowOnt9fX0=',1459526129,65),('38d16efa6447b9445d093f15fd3993d826235904','YTozOntzOjY6Il90b2tlbiI7czo0MDoiQ2x6Q2x2UmxPN3FmZzZIY2thck1PVjFBV2ZQUFp1VG5WczFQcEZ0cSI7czo5OiJfc2YyX21ldGEiO2E6Mzp7czoxOiJ1IjtpOjE0NTk1MjYxMzQ7czoxOiJjIjtpOjE0NTk1MjYxMzQ7czoxOiJsIjtzOjE6IjAiO31zOjU6ImZsYXNoIjthOjI6e3M6Mzoib2xkIjthOjA6e31zOjM6Im5ldyI7YTowOnt9fX0=',1459526135,66),('0de225682fb73b539e3ed4d70e15b59fd481586d','YTozOntzOjY6Il90b2tlbiI7czo0MDoiMW5FMEw0aVpSYnNSYk5QU3RiNVFSWHlIbDBTbVVwUE01QUVzcjVEeCI7czo5OiJfc2YyX21ldGEiO2E6Mzp7czoxOiJ1IjtpOjE0NTk1MjYxNDc7czoxOiJjIjtpOjE0NTk1MjYxNDc7czoxOiJsIjtzOjE6IjAiO31zOjU6ImZsYXNoIjthOjI6e3M6Mzoib2xkIjthOjA6e31zOjM6Im5ldyI7YTowOnt9fX0=',1459526147,67),('da0631ebb4de06e84e508b3daa665c0eeb150c69','YTozOntzOjY6Il90b2tlbiI7czo0MDoiOW5GVzdtUU85TER3b0dYTFhiMU1CQnBqd1c0aFBqeTdUTGlpUEpYRCI7czo5OiJfc2YyX21ldGEiO2E6Mzp7czoxOiJ1IjtpOjE0NTk1MjYxNDk7czoxOiJjIjtpOjE0NTk1MjYxNDk7czoxOiJsIjtzOjE6IjAiO31zOjU6ImZsYXNoIjthOjI6e3M6Mzoib2xkIjthOjA6e31zOjM6Im5ldyI7YTowOnt9fX0=',1459526150,68),('a6524ce578085d494c69e093836219989ef27d3f','YTozOntzOjY6Il90b2tlbiI7czo0MDoiSGVHbHNxNVdHUE5CTkt3UGxOOVQyMXlKS0xNNnkwZW0xSVV6aU5PeCI7czo5OiJfc2YyX21ldGEiO2E6Mzp7czoxOiJ1IjtpOjE0NTk1MjYxNTM7czoxOiJjIjtpOjE0NTk1MjYxNTM7czoxOiJsIjtzOjE6IjAiO31zOjU6ImZsYXNoIjthOjI6e3M6Mzoib2xkIjthOjA6e31zOjM6Im5ldyI7YTowOnt9fX0=',1459526153,69),('eaffa5cff775b9b65661549f00a3a8a3a26999a4','YTozOntzOjY6Il90b2tlbiI7czo0MDoiT3c1cjZ0c0RpelRZclRkTWRISTA4ZXBMOFFSRlFyZmpCWlJBOXJuTCI7czo5OiJfc2YyX21ldGEiO2E6Mzp7czoxOiJ1IjtpOjE0NTk1MjYxNTk7czoxOiJjIjtpOjE0NTk1MjYxNTk7czoxOiJsIjtzOjE6IjAiO31zOjU6ImZsYXNoIjthOjI6e3M6Mzoib2xkIjthOjA6e31zOjM6Im5ldyI7YTowOnt9fX0=',1459526159,70),('ee949417523424f09185ed47ccb7aeb9627f07e5','YTozOntzOjY6Il90b2tlbiI7czo0MDoiTG0wSVVQVVNJcXpkUHVXSHhCb3Y1bUpBd3FjTWhaTFdiYkgwdHFGeiI7czo5OiJfc2YyX21ldGEiO2E6Mzp7czoxOiJ1IjtpOjE0NTk1MjYxNjU7czoxOiJjIjtpOjE0NTk1MjYxNjU7czoxOiJsIjtzOjE6IjAiO31zOjU6ImZsYXNoIjthOjI6e3M6Mzoib2xkIjthOjA6e31zOjM6Im5ldyI7YTowOnt9fX0=',1459526165,71),('e8edb74014fa0f240cc22db1f434652331ed292c','YTozOntzOjY6Il90b2tlbiI7czo0MDoiWjJuMGFYYmcwcnZtanRQc2x0b1Fud1FBQ1hvYUdEbE85azRWbDJVcCI7czo5OiJfc2YyX21ldGEiO2E6Mzp7czoxOiJ1IjtpOjE0NTk1MjYxNzI7czoxOiJjIjtpOjE0NTk1MjYxNzI7czoxOiJsIjtzOjE6IjAiO31zOjU6ImZsYXNoIjthOjI6e3M6Mzoib2xkIjthOjA6e31zOjM6Im5ldyI7YTowOnt9fX0=',1459526172,72),('55a76ab9f7b214825e2be3377d03ffb0294a3999','YTozOntzOjY6Il90b2tlbiI7czo0MDoiVGoyVzZhczF3WDB6MlVRUGZaNXVtbHAzSWsxM09jdUh4ZGNtbHZxWiI7czo5OiJfc2YyX21ldGEiO2E6Mzp7czoxOiJ1IjtpOjE0NTk1MjYxNzg7czoxOiJjIjtpOjE0NTk1MjYxNzg7czoxOiJsIjtzOjE6IjAiO31zOjU6ImZsYXNoIjthOjI6e3M6Mzoib2xkIjthOjA6e31zOjM6Im5ldyI7YTowOnt9fX0=',1459526178,73),('78651d45615ea27a32a13376f2aaefd6aecb98d2','YTozOntzOjY6Il90b2tlbiI7czo0MDoiUTBDdVNRQ1BkUlNoMW5Dck9vWWxvWlBpU1NEekdYQXBOekRwcHdVVCI7czo5OiJfc2YyX21ldGEiO2E6Mzp7czoxOiJ1IjtpOjE0NTk1MjYxODQ7czoxOiJjIjtpOjE0NTk1MjYxODQ7czoxOiJsIjtzOjE6IjAiO31zOjU6ImZsYXNoIjthOjI6e3M6Mzoib2xkIjthOjA6e31zOjM6Im5ldyI7YTowOnt9fX0=',1459526184,74),('09c991c4d2d8826e6ab3b213c35f2f0676df26cc','YTozOntzOjY6Il90b2tlbiI7czo0MDoiSlc3RzJOY25wcUpudWhjbUpYOEhzYmZlYWQzRHRJZU9tbnpOTk1GbCI7czo5OiJfc2YyX21ldGEiO2E6Mzp7czoxOiJ1IjtpOjE0NTk1MjYxOTA7czoxOiJjIjtpOjE0NTk1MjYxOTA7czoxOiJsIjtzOjE6IjAiO31zOjU6ImZsYXNoIjthOjI6e3M6Mzoib2xkIjthOjA6e31zOjM6Im5ldyI7YTowOnt9fX0=',1459526190,75),('a40a4c239e6e43cccb88025e29572aa87d217358','YTozOntzOjY6Il90b2tlbiI7czo0MDoiYlJUYWpVWWhrSGlJNkNaT0FvTEhXSEtJRG5WMTlkM1VIM3ZtMGM1QiI7czo5OiJfc2YyX21ldGEiO2E6Mzp7czoxOiJ1IjtpOjE0NTk1MjYxOTY7czoxOiJjIjtpOjE0NTk1MjYxOTY7czoxOiJsIjtzOjE6IjAiO31zOjU6ImZsYXNoIjthOjI6e3M6Mzoib2xkIjthOjA6e31zOjM6Im5ldyI7YTowOnt9fX0=',1459526196,76),('69ac49a7edc1bca065eac52e213edaa575e1c1bf','YTozOntzOjY6Il90b2tlbiI7czo0MDoicHFrMWVOWmNVS2lDR09sdmtUemluY1NtZ3dhSWQ5S3pCMlNXRG9YWiI7czo5OiJfc2YyX21ldGEiO2E6Mzp7czoxOiJ1IjtpOjE0NTk1MjYyMDU7czoxOiJjIjtpOjE0NTk1MjYyMDU7czoxOiJsIjtzOjE6IjAiO31zOjU6ImZsYXNoIjthOjI6e3M6Mzoib2xkIjthOjA6e31zOjM6Im5ldyI7YTowOnt9fX0=',1459526205,77),('9d9943faa38939b8629ad54ef3e8f8f1cb6f3da1','YTozOntzOjY6Il90b2tlbiI7czo0MDoic091azJwdE4xcEdrM2pDRWFqY0w4YVg0YzU3SGJqWGRKNTdsZjRuSSI7czo5OiJfc2YyX21ldGEiO2E6Mzp7czoxOiJ1IjtpOjE0NTk1MjYyMDg7czoxOiJjIjtpOjE0NTk1MjYyMDg7czoxOiJsIjtzOjE6IjAiO31zOjU6ImZsYXNoIjthOjI6e3M6Mzoib2xkIjthOjA6e31zOjM6Im5ldyI7YTowOnt9fX0=',1459526208,78),('2d42923c1d84c1b659561ec3e8d76d20362bead7','YTozOntzOjY6Il90b2tlbiI7czo0MDoicXVaQTZINm9iemlBYlFDRnBNRzh0WEtBQ2hEV1U3eFY1N3V3bWpKViI7czo5OiJfc2YyX21ldGEiO2E6Mzp7czoxOiJ1IjtpOjE0NTk1MjYyMTc7czoxOiJjIjtpOjE0NTk1MjYyMTc7czoxOiJsIjtzOjE6IjAiO31zOjU6ImZsYXNoIjthOjI6e3M6Mzoib2xkIjthOjA6e31zOjM6Im5ldyI7YTowOnt9fX0=',1459526217,79),('dc9e421a024f2e2936fa2d759974b6c48671e65f','YTozOntzOjY6Il90b2tlbiI7czo0MDoiTzlKVEpMRmsyMDVEek5RclQ3NDNsc1p3R2g5emc3RUZQTVdtWHZyWCI7czo5OiJfc2YyX21ldGEiO2E6Mzp7czoxOiJ1IjtpOjE0NTk1MjYyMjA7czoxOiJjIjtpOjE0NTk1MjYyMjA7czoxOiJsIjtzOjE6IjAiO31zOjU6ImZsYXNoIjthOjI6e3M6Mzoib2xkIjthOjA6e31zOjM6Im5ldyI7YTowOnt9fX0=',1459526220,80),('8157bc82d0a2e9e3b83ead4687e9dee33a782e73','YTozOntzOjY6Il90b2tlbiI7czo0MDoiNm9xQXJKTUlzUTZQMUxZYjZ0ZDlKVzU2a3lEUndRMmlLbEwxb0doOSI7czo5OiJfc2YyX21ldGEiO2E6Mzp7czoxOiJ1IjtpOjE0NTk1MjYyMzA7czoxOiJjIjtpOjE0NTk1MjYyMzA7czoxOiJsIjtzOjE6IjAiO31zOjU6ImZsYXNoIjthOjI6e3M6Mzoib2xkIjthOjA6e31zOjM6Im5ldyI7YTowOnt9fX0=',1459526230,81),('88c40d82e1be94151893dd6f9ff9b10b62380cd0','YTozOntzOjY6Il90b2tlbiI7czo0MDoiVjBoVDYzMVdCMmlLM3hOblVzNEdraU9VbWRyYnlQTmF4RXFScTFETSI7czo5OiJfc2YyX21ldGEiO2E6Mzp7czoxOiJ1IjtpOjE0NTk1MjYyMzY7czoxOiJjIjtpOjE0NTk1MjYyMzY7czoxOiJsIjtzOjE6IjAiO31zOjU6ImZsYXNoIjthOjI6e3M6Mzoib2xkIjthOjA6e31zOjM6Im5ldyI7YTowOnt9fX0=',1459526236,82),('34c28547587e15a60cfd8dbfb6b72b40a0c7b579','YTozOntzOjY6Il90b2tlbiI7czo0MDoib1lGd2tOelVQRVRFT3ZFdXR5Y2lxWG1CajhNU0F0YXlzUVlJcndueSI7czo5OiJfc2YyX21ldGEiO2E6Mzp7czoxOiJ1IjtpOjE0NTk1MjYyMzk7czoxOiJjIjtpOjE0NTk1MjYyMzk7czoxOiJsIjtzOjE6IjAiO31zOjU6ImZsYXNoIjthOjI6e3M6Mzoib2xkIjthOjA6e31zOjM6Im5ldyI7YTowOnt9fX0=',1459526239,83),('eb16925761d5ca3fea82687bb5dd82b16242db33','YTozOntzOjY6Il90b2tlbiI7czo0MDoiRGtRa2JtUmx4dEFhVEZCZHpzRnlWZ3FvSXJFWG54TVZEbW5oSWxGSyI7czo5OiJfc2YyX21ldGEiO2E6Mzp7czoxOiJ1IjtpOjE0NTk1MjYyNDg7czoxOiJjIjtpOjE0NTk1MjYyNDg7czoxOiJsIjtzOjE6IjAiO31zOjU6ImZsYXNoIjthOjI6e3M6Mzoib2xkIjthOjA6e31zOjM6Im5ldyI7YTowOnt9fX0=',1459526248,84),('597f5d9b0347b6b473b383b72ffdf474e211d049','YTozOntzOjY6Il90b2tlbiI7czo0MDoiM1B3RHJpdWtQWGthZXhPbk16S3B4WHNESTZ0NGJlaUlaR0RHWkw2eiI7czo5OiJfc2YyX21ldGEiO2E6Mzp7czoxOiJ1IjtpOjE0NTk1MjYyNjA7czoxOiJjIjtpOjE0NTk1MjYyNjA7czoxOiJsIjtzOjE6IjAiO31zOjU6ImZsYXNoIjthOjI6e3M6Mzoib2xkIjthOjA6e31zOjM6Im5ldyI7YTowOnt9fX0=',1459526260,85),('90d69ee701aa37e1ecf3f122b062cfdfd9fcdda6','YTozOntzOjY6Il90b2tlbiI7czo0MDoiUVhKeHc3OEk4WXNtNGxWb1U2U0VJSmF2a1Fxc0RhN1dUVG5FbWxpSSI7czo5OiJfc2YyX21ldGEiO2E6Mzp7czoxOiJ1IjtpOjE0NTk1MjYyNjA7czoxOiJjIjtpOjE0NTk1MjYyNjA7czoxOiJsIjtzOjE6IjAiO31zOjU6ImZsYXNoIjthOjI6e3M6Mzoib2xkIjthOjA6e31zOjM6Im5ldyI7YTowOnt9fX0=',1459526260,86),('5ff339417c76bc2d28dd5b563bb904662219baa6','YTozOntzOjY6Il90b2tlbiI7czo0MDoibG1mMTdYVTlWWVYwZVpTT2JBQmhXRE9NNjh5TEhuVWFMaVozdXdodiI7czo5OiJfc2YyX21ldGEiO2E6Mzp7czoxOiJ1IjtpOjE0NTk1MjYyNjM7czoxOiJjIjtpOjE0NTk1MjYyNjM7czoxOiJsIjtzOjE6IjAiO31zOjU6ImZsYXNoIjthOjI6e3M6Mzoib2xkIjthOjA6e31zOjM6Im5ldyI7YTowOnt9fX0=',1459526263,87),('edefd0adb4e73cc759c4a659912b7165b467c3f8','YTozOntzOjY6Il90b2tlbiI7czo0MDoiUWNRMHVVS25VeThLSURhYjlMSTRaMmJFdDdjdlc5Y2hlZkhCdjFnSiI7czo5OiJfc2YyX21ldGEiO2E6Mzp7czoxOiJ1IjtpOjE0NTk1MjYyNzI7czoxOiJjIjtpOjE0NTk1MjYyNzI7czoxOiJsIjtzOjE6IjAiO31zOjU6ImZsYXNoIjthOjI6e3M6Mzoib2xkIjthOjA6e31zOjM6Im5ldyI7YTowOnt9fX0=',1459526272,88),('4aaf9298349765ea3a242040284c070408218b36','YTozOntzOjY6Il90b2tlbiI7czo0MDoic2NqcFFBc1V1blhkSXlaNkpnQTY3a0V4cVdHelg5Q295NmtycU91eiI7czo5OiJfc2YyX21ldGEiO2E6Mzp7czoxOiJ1IjtpOjE0NTk1MjYyNzk7czoxOiJjIjtpOjE0NTk1MjYyNzk7czoxOiJsIjtzOjE6IjAiO31zOjU6ImZsYXNoIjthOjI6e3M6Mzoib2xkIjthOjA6e31zOjM6Im5ldyI7YTowOnt9fX0=',1459526279,89),('a64da32033bf3b1fcbdf6ef53d8499f1b2141305','YTozOntzOjY6Il90b2tlbiI7czo0MDoiRWZJb291OVVXY0V0RkhkaWlXbnhEVGhNMmZPeDNCYng1SHdIckxIUCI7czo5OiJfc2YyX21ldGEiO2E6Mzp7czoxOiJ1IjtpOjE0NTk1MjYyODU7czoxOiJjIjtpOjE0NTk1MjYyODU7czoxOiJsIjtzOjE6IjAiO31zOjU6ImZsYXNoIjthOjI6e3M6Mzoib2xkIjthOjA6e31zOjM6Im5ldyI7YTowOnt9fX0=',1459526285,90),('ad21572a0de0343a2c6137135bf76c917a564fd6','YTozOntzOjY6Il90b2tlbiI7czo0MDoiU1hHT2N2WlgwSjFyN01meHVSMHRTMDVuRkJMTnJrSFF0cVJmeGN0MiI7czo5OiJfc2YyX21ldGEiO2E6Mzp7czoxOiJ1IjtpOjE0NTk1MjYyODg7czoxOiJjIjtpOjE0NTk1MjYyODg7czoxOiJsIjtzOjE6IjAiO31zOjU6ImZsYXNoIjthOjI6e3M6Mzoib2xkIjthOjA6e31zOjM6Im5ldyI7YTowOnt9fX0=',1459526288,91),('8b6ab4663a332540c8a990fe8ae3d1034e2842be','YTozOntzOjY6Il90b2tlbiI7czo0MDoib2dYYmZSd1hpMURtNDVKVHJIUHczajdNUWVBbmcxVzhJakt5ZmROTyI7czo5OiJfc2YyX21ldGEiO2E6Mzp7czoxOiJ1IjtpOjE0NTk1MjYyOTQ7czoxOiJjIjtpOjE0NTk1MjYyOTQ7czoxOiJsIjtzOjE6IjAiO31zOjU6ImZsYXNoIjthOjI6e3M6Mzoib2xkIjthOjA6e31zOjM6Im5ldyI7YTowOnt9fX0=',1459526294,92),('59685fe38a4cfa1997c742d2dbf10a6e8a040ec2','YTozOntzOjY6Il90b2tlbiI7czo0MDoiUFpmUnZSVEMwMjJGeHFka1dYaTdpSmhEa0V0QmNDQnlkYlNCYmp4diI7czo5OiJfc2YyX21ldGEiO2E6Mzp7czoxOiJ1IjtpOjE0NTk1MjYzMDM7czoxOiJjIjtpOjE0NTk1MjYzMDM7czoxOiJsIjtzOjE6IjAiO31zOjU6ImZsYXNoIjthOjI6e3M6Mzoib2xkIjthOjA6e31zOjM6Im5ldyI7YTowOnt9fX0=',1459526303,93),('5b251e938c1ffb14aace64d316a3946b0fac101b','YTozOntzOjY6Il90b2tlbiI7czo0MDoiNDFlOGk3MzV4Zjk4Um1TbG5hS3dqajNia2lDQnBJcU1IaExkM0M4OCI7czo5OiJfc2YyX21ldGEiO2E6Mzp7czoxOiJ1IjtpOjE0NTk1MjYzMDk7czoxOiJjIjtpOjE0NTk1MjYzMDk7czoxOiJsIjtzOjE6IjAiO31zOjU6ImZsYXNoIjthOjI6e3M6Mzoib2xkIjthOjA6e31zOjM6Im5ldyI7YTowOnt9fX0=',1459526309,94),('cf69102dd7082f12127e4131332a963b423abb4a','YTozOntzOjY6Il90b2tlbiI7czo0MDoidWZlSFZBNGFkWDRacWhySWZ6bXhxTUx2WHh5UVhiSmZ2OHJsQlV1NCI7czo5OiJfc2YyX21ldGEiO2E6Mzp7czoxOiJ1IjtpOjE0NTk1MjYzMTg7czoxOiJjIjtpOjE0NTk1MjYzMTg7czoxOiJsIjtzOjE6IjAiO31zOjU6ImZsYXNoIjthOjI6e3M6Mzoib2xkIjthOjA6e31zOjM6Im5ldyI7YTowOnt9fX0=',1459526318,95),('13fe1dfdb21ebeb5625bcc4a27a2b2d4d76f8971','YTozOntzOjY6Il90b2tlbiI7czo0MDoiQ3JSS2lYOHQwaUpSUWdOSXRnNGZGVzBOMTZjS0I0MU56ODJieXlFdyI7czo5OiJfc2YyX21ldGEiO2E6Mzp7czoxOiJ1IjtpOjE0NTk1MjYzMjg7czoxOiJjIjtpOjE0NTk1MjYzMjg7czoxOiJsIjtzOjE6IjAiO31zOjU6ImZsYXNoIjthOjI6e3M6Mzoib2xkIjthOjA6e31zOjM6Im5ldyI7YTowOnt9fX0=',1459526328,96),('25400844ab42dd133c2148ff6f8529c33cbd93b3','YTozOntzOjY6Il90b2tlbiI7czo0MDoiNnBLMjFBY09neVRVbFpNSENEZjdUWFhNMGVVMXg3T1c4QVF1NnVnNSI7czo5OiJfc2YyX21ldGEiO2E6Mzp7czoxOiJ1IjtpOjE0NTk1MjYzMzQ7czoxOiJjIjtpOjE0NTk1MjYzMzQ7czoxOiJsIjtzOjE6IjAiO31zOjU6ImZsYXNoIjthOjI6e3M6Mzoib2xkIjthOjA6e31zOjM6Im5ldyI7YTowOnt9fX0=',1459526334,97),('262bb7b75df43acf82f85f20d292cd0b6b0600d9','YTozOntzOjY6Il90b2tlbiI7czo0MDoiaENCRWpBQUI1UFlyNEhOTGxPRDhOejEzNnBFT2tvR2ZVNUZ4WWI5SCI7czo5OiJfc2YyX21ldGEiO2E6Mzp7czoxOiJ1IjtpOjE0NTk1MjYzMzc7czoxOiJjIjtpOjE0NTk1MjYzMzc7czoxOiJsIjtzOjE6IjAiO31zOjU6ImZsYXNoIjthOjI6e3M6Mzoib2xkIjthOjA6e31zOjM6Im5ldyI7YTowOnt9fX0=',1459526337,98),('4d0a3218f391d2297e1cb25bde756dd7661eeadd','YTozOntzOjY6Il90b2tlbiI7czo0MDoiSm56Qzg3TTl5MEZsS3ZPTUVzM1VIRjhWR2ljdFVIVktIVnN1T0ozZyI7czo5OiJfc2YyX21ldGEiO2E6Mzp7czoxOiJ1IjtpOjE0NTk1MjYzNDY7czoxOiJjIjtpOjE0NTk1MjYzNDY7czoxOiJsIjtzOjE6IjAiO31zOjU6ImZsYXNoIjthOjI6e3M6Mzoib2xkIjthOjA6e31zOjM6Im5ldyI7YTowOnt9fX0=',1459526346,99),('dc56f39f310255a10a8b19b1545186087ca353b0','YTozOntzOjY6Il90b2tlbiI7czo0MDoiclZFdmF5QzlGZ2NPalRnQnRJYjY5Q295VXNBZUt3U1YwUjhBRzd5SCI7czo5OiJfc2YyX21ldGEiO2E6Mzp7czoxOiJ1IjtpOjE0NTk1MjYzNTI7czoxOiJjIjtpOjE0NTk1MjYzNTI7czoxOiJsIjtzOjE6IjAiO31zOjU6ImZsYXNoIjthOjI6e3M6Mzoib2xkIjthOjA6e31zOjM6Im5ldyI7YTowOnt9fX0=',1459526352,100),('73fc685dd2d53f7964c5bbea4f866637ebc5193f','YTozOntzOjY6Il90b2tlbiI7czo0MDoia3RqNnBvVElMbjRuaWxKNHliMXdUbGljRGtZbWRqRTZtVE80UkFMNSI7czo5OiJfc2YyX21ldGEiO2E6Mzp7czoxOiJ1IjtpOjE0NTk1MjYzNTI7czoxOiJjIjtpOjE0NTk1MjYzNTI7czoxOiJsIjtzOjE6IjAiO31zOjU6ImZsYXNoIjthOjI6e3M6Mzoib2xkIjthOjA6e31zOjM6Im5ldyI7YTowOnt9fX0=',1459526352,101),('80b59432fdacdb13b513b0a9a4726575e17d63b6','YTozOntzOjY6Il90b2tlbiI7czo0MDoiRW1NMWkyTEdENDVSTDl3MmtXNWV5ck54T1g3SmpjdmZCTGxJcEYySSI7czo5OiJfc2YyX21ldGEiO2E6Mzp7czoxOiJ1IjtpOjE0NTk1MjYzNTU7czoxOiJjIjtpOjE0NTk1MjYzNTU7czoxOiJsIjtzOjE6IjAiO31zOjU6ImZsYXNoIjthOjI6e3M6Mzoib2xkIjthOjA6e31zOjM6Im5ldyI7YTowOnt9fX0=',1459526355,102),('438e1d35b562c587f243d978c6d5d8072958dad8','YTozOntzOjY6Il90b2tlbiI7czo0MDoibFRadXQ1V1BxTllnazBrNGlDUTJTUG1VTllFZENzT09McHhMU09QQiI7czo5OiJfc2YyX21ldGEiO2E6Mzp7czoxOiJ1IjtpOjE0NTk1MjYzNjc7czoxOiJjIjtpOjE0NTk1MjYzNjc7czoxOiJsIjtzOjE6IjAiO31zOjU6ImZsYXNoIjthOjI6e3M6Mzoib2xkIjthOjA6e31zOjM6Im5ldyI7YTowOnt9fX0=',1459526367,103),('60648f6e15f488937174be897442354b414ac87a','YTozOntzOjY6Il90b2tlbiI7czo0MDoiU0p0U1duYXJsZUlDaGlveW15Y3NTREc4ZE9PRG1Kc05FSUFRWmVtVSI7czo5OiJfc2YyX21ldGEiO2E6Mzp7czoxOiJ1IjtpOjE0NTk1MjYzNzA7czoxOiJjIjtpOjE0NTk1MjYzNzA7czoxOiJsIjtzOjE6IjAiO31zOjU6ImZsYXNoIjthOjI6e3M6Mzoib2xkIjthOjA6e31zOjM6Im5ldyI7YTowOnt9fX0=',1459526370,104),('8e1264194b4b74515b9954bd60f30b73c5811008','YTozOntzOjY6Il90b2tlbiI7czo0MDoiM3JPenRSSVFJaXJUWTZEVXBnc1YyQWV3eEQyTnpsM2dRVEZlanFMSCI7czo5OiJfc2YyX21ldGEiO2E6Mzp7czoxOiJ1IjtpOjE0NTk1MjYzNzU7czoxOiJjIjtpOjE0NTk1MjYzNzU7czoxOiJsIjtzOjE6IjAiO31zOjU6ImZsYXNoIjthOjI6e3M6Mzoib2xkIjthOjA6e31zOjM6Im5ldyI7YTowOnt9fX0=',1459526375,105),('cbf0d9f27e4ae0c11611c71c0d995588e78f79a8','YTo0OntzOjY6Il90b2tlbiI7czo0MDoiWGc0Z09peWxYVTlSanp6R0ZCYnZvaTdVWHZSWEtBdjU4UGFGV3hjaSI7czoyMjoiUEhQREVCVUdCQVJfU1RBQ0tfREFUQSI7YTowOnt9czo1OiJmbGFzaCI7YToyOntzOjM6Im9sZCI7YTowOnt9czozOiJuZXciO2E6MDp7fX1zOjk6Il9zZjJfbWV0YSI7YTozOntzOjE6InUiO2k6MTQ1OTU4MjI4MTtzOjE6ImMiO2k6MTQ1OTU4MjI3OTtzOjE6ImwiO3M6MToiMCI7fX0=',1459582281,106),('fcf113ce2c92a314b72e8147ed7d5c4851f1bb44','YTo0OntzOjY6Il90b2tlbiI7czo0MDoiVGhHaFUwWWhxVXFDbXJjMGhuYlFtZDI0RHhzT3hsRzRtQkFBamZsMSI7czoyMjoiUEhQREVCVUdCQVJfU1RBQ0tfREFUQSI7YTowOnt9czo5OiJfc2YyX21ldGEiO2E6Mzp7czoxOiJ1IjtpOjE0NTk1ODIyNzk7czoxOiJjIjtpOjE0NTk1ODIyNzk7czoxOiJsIjtzOjE6IjAiO31zOjU6ImZsYXNoIjthOjI6e3M6Mzoib2xkIjthOjA6e31zOjM6Im5ldyI7YTowOnt9fX0=',1459582281,107),('99857f6f269b4af28ffb4dffc760c43e9495ed83','YTo0OntzOjY6Il90b2tlbiI7czo0MDoiQnR6cmU0c3BKSnR6ZHhyTWdDSHNlRnpqaUVZM3MzemJ0V1dNZWFIdSI7czoyMjoiUEhQREVCVUdCQVJfU1RBQ0tfREFUQSI7YTowOnt9czo5OiJfc2YyX21ldGEiO2E6Mzp7czoxOiJ1IjtpOjE0NTk2NjM1MzM7czoxOiJjIjtpOjE0NTk2NjM1MzM7czoxOiJsIjtzOjE6IjAiO31zOjU6ImZsYXNoIjthOjI6e3M6Mzoib2xkIjthOjA6e31zOjM6Im5ldyI7YTowOnt9fX0=',1459663536,108),('37f449b2792112d4a0f6c87626528447b20a7805','YTo0OntzOjY6Il90b2tlbiI7czo0MDoiUmtYRTBxQmloTldwZVZWMjV2NUN1SkN0UG9leFRIb3N3aml3QThUVSI7czoyMjoiUEhQREVCVUdCQVJfU1RBQ0tfREFUQSI7YTowOnt9czo1OiJmbGFzaCI7YToyOntzOjM6Im9sZCI7YTowOnt9czozOiJuZXciO2E6MDp7fX1zOjk6Il9zZjJfbWV0YSI7YTozOntzOjE6InUiO2k6MTQ1OTY3MjExNDtzOjE6ImMiO2k6MTQ1OTY3MjExMztzOjE6ImwiO3M6MToiMCI7fX0=',1459672114,109),('8545589a3f02dc98cdeabe2029a30df4dea0fece','YTo0OntzOjY6Il90b2tlbiI7czo0MDoiaW9qaWRIRlFEVE5ndVQ3cWo4YjR2MUFMdDZlUUVMWVVpZ2pjUndRaSI7czoyMjoiUEhQREVCVUdCQVJfU1RBQ0tfREFUQSI7YTowOnt9czo5OiJfc2YyX21ldGEiO2E6Mzp7czoxOiJ1IjtpOjE0NTk2NzM3MTc7czoxOiJjIjtpOjE0NTk2NzM3MTc7czoxOiJsIjtzOjE6IjAiO31zOjU6ImZsYXNoIjthOjI6e3M6Mzoib2xkIjthOjA6e31zOjM6Im5ldyI7YTowOnt9fX0=',1459673718,110),('cd35d6b3180f802bf2442da0ac16a49526471a53','YTo0OntzOjY6Il90b2tlbiI7czo0MDoiRnc2NjVtR2JSOFpRUU1odmxWaWZlYkFNeWJGZU82TVZlanpPb2hkZyI7czoyMjoiUEhQREVCVUdCQVJfU1RBQ0tfREFUQSI7YTowOnt9czo1OiJmbGFzaCI7YToyOntzOjM6Im9sZCI7YTowOnt9czozOiJuZXciO2E6MDp7fX1zOjk6Il9zZjJfbWV0YSI7YTozOntzOjE6InUiO2k6MTQ1OTY5MTE0MztzOjE6ImMiO2k6MTQ1OTY5MTEyMDtzOjE6ImwiO3M6MToiMCI7fX0=',1459691143,111),('40b6ca57ddb09f352b8831c4fdc0d71758a6c819','YToxMjp7czo2OiJfdG9rZW4iO3M6NDA6ImZQSW1VTFNoWHI1YUpuckF0SzVuVHcwU3A2SElVYXhObWhYQTBXYUMiO3M6NToiZmxhc2giO2E6Mjp7czozOiJvbGQiO2E6MDp7fXM6MzoibmV3IjthOjA6e319czo2OiJ1c2VySWQiO2k6MTtzOjk6ImZpcnN0TmFtZSI7czo3OiJ5dXZhcmFqIjtzOjg6Imxhc3ROYW1lIjtzOjg6Ik11ZGFsaWFyIjtzOjEwOiJwcm9maWxlUGljIjtOO3M6NDoicm9sZSI7aToxO3M6OToiY2hhbm5lbElkIjtpOjE7czo2OiJ0ek5hbWUiO3M6MTM6IkFzaWEvQ2FsY3V0dGEiO3M6MjI6IlBIUERFQlVHQkFSX1NUQUNLX0RBVEEiO2E6MDp7fXM6Mzg6ImxvZ2luXzgyZTVkMmM1NmJkZDA4MTEzMThmMGNmMDc4Yjc4YmZjIjtpOjE7czo5OiJfc2YyX21ldGEiO2E6Mzp7czoxOiJ1IjtpOjE0NTk3OTIwMzc7czoxOiJjIjtpOjE0NTk3ODYwMTY7czoxOiJsIjtzOjE6IjAiO319',1459792038,114),('8948f3d818621e9018f8e0f41c91d8f20615ddb4','YToxMjp7czo2OiJfdG9rZW4iO3M6NDA6ImMzNzBPNFFaOUh6NjhCWlQ5dzV5OEo0YmVEdk00UjY4MWJEWWNzaWgiO3M6MjI6IlBIUERFQlVHQkFSX1NUQUNLX0RBVEEiO2E6MDp7fXM6NToiZmxhc2giO2E6Mjp7czozOiJvbGQiO2E6MDp7fXM6MzoibmV3IjthOjA6e319czozODoibG9naW5fODJlNWQyYzU2YmRkMDgxMTMxOGYwY2YwNzhiNzhiZmMiO2k6MjtzOjY6InVzZXJJZCI7aToyO3M6OToiZmlyc3ROYW1lIjtzOjI2OiJzaHJ1dGlwdXJ1c2hhbjIwQGdtYWlsLmNvbSI7czo4OiJsYXN0TmFtZSI7czoyNjoic2hydXRpcHVydXNoYW4yMEBnbWFpbC5jb20iO3M6MTA6InByb2ZpbGVQaWMiO047czo0OiJyb2xlIjtpOjM7czo5OiJjaGFubmVsSWQiO047czo2OiJ0ek5hbWUiO3M6MTM6IkFzaWEvQ2FsY3V0dGEiO3M6OToiX3NmMl9tZXRhIjthOjM6e3M6MToidSI7aToxNDU5NzkwMzQzO3M6MToiYyI7aToxNDU5NzkwMjgwO3M6MToibCI7czoxOiIwIjt9fQ==',1459790343,116),('f25d54ac7a4a11a212d85c40eddc4bba2062276e','YToxMjp7czo2OiJfdG9rZW4iO3M6NDA6IlVEWW9yWjdycmJIcXA0bzd6S2hOU3k2UlVveG9ZZmNWUnF3aG5XQjAiO3M6MjI6IlBIUERFQlVHQkFSX1NUQUNLX0RBVEEiO2E6MDp7fXM6NToiZmxhc2giO2E6Mjp7czozOiJvbGQiO2E6MDp7fXM6MzoibmV3IjthOjA6e319czozODoibG9naW5fODJlNWQyYzU2YmRkMDgxMTMxOGYwY2YwNzhiNzhiZmMiO2k6MTtzOjY6InVzZXJJZCI7aToxO3M6OToiZmlyc3ROYW1lIjtzOjc6Inl1dmFyYWoiO3M6ODoibGFzdE5hbWUiO3M6ODoiTXVkYWxpYXIiO3M6MTA6InByb2ZpbGVQaWMiO047czo0OiJyb2xlIjtpOjE7czo5OiJjaGFubmVsSWQiO2k6MTtzOjY6InR6TmFtZSI7czoxMzoiQXNpYS9DYWxjdXR0YSI7czo5OiJfc2YyX21ldGEiO2E6Mzp7czoxOiJ1IjtpOjE0NTk4NjczNTA7czoxOiJjIjtpOjE0NTk4NjYxMjU7czoxOiJsIjtzOjE6IjAiO319',1459867350,118),('9c8ce107818a23f94c24c6da4f567a0398b31035','YToxMTp7czo2OiJfdG9rZW4iO3M6NDA6IlRoUGdmamx1clFYd0JVcHVqY09Bam9Eb2UzVHNYOThhcGhaRkVYR1IiO3M6NToiZmxhc2giO2E6Mjp7czozOiJvbGQiO2E6MDp7fXM6MzoibmV3IjthOjA6e319czozODoibG9naW5fODJlNWQyYzU2YmRkMDgxMTMxOGYwY2YwNzhiNzhiZmMiO2k6MTtzOjY6InVzZXJJZCI7aToxO3M6OToiZmlyc3ROYW1lIjtzOjc6Inl1dmFyYWoiO3M6ODoibGFzdE5hbWUiO3M6ODoiTXVkYWxpYXIiO3M6MTA6InByb2ZpbGVQaWMiO047czo0OiJyb2xlIjtpOjE7czo5OiJjaGFubmVsSWQiO2k6MTtzOjY6InR6TmFtZSI7czoxMzoiQXNpYS9DYWxjdXR0YSI7czo5OiJfc2YyX21ldGEiO2E6Mzp7czoxOiJ1IjtpOjE0NTk4NzU2MDg7czoxOiJjIjtpOjE0NTk4NjYyODU7czoxOiJsIjtzOjE6IjAiO319',1459875609,120),('e3a396bb95979e9400ec4f5bcc6226708a28f512','YTo0OntzOjY6Il90b2tlbiI7czo0MDoiWTZCMnhaZjJmWmdYV1B2aEN6TXhpa2oxOVdTM2xZRWh1UDRIZTlZMSI7czoyMjoiUEhQREVCVUdCQVJfU1RBQ0tfREFUQSI7YTowOnt9czo1OiJmbGFzaCI7YToyOntzOjM6Im9sZCI7YTowOnt9czozOiJuZXciO2E6MDp7fX1zOjk6Il9zZjJfbWV0YSI7YTozOntzOjE6InUiO2k6MTQ1OTg2OTIyNztzOjE6ImMiO2k6MTQ1OTg2OTIyMTtzOjE6ImwiO3M6MToiMCI7fX0=',1459869227,121),('4af4ebcfb859789a2cb2365dbe58f15f3223c752','YTo0OntzOjY6Il90b2tlbiI7czo0MDoibkxJVkhhSEdlOWVhRTFrTnNta3pzTXc1YmlQZnowOUszcm1oeUVqbyI7czoyMjoiUEhQREVCVUdCQVJfU1RBQ0tfREFUQSI7YTowOnt9czo5OiJfc2YyX21ldGEiO2E6Mzp7czoxOiJ1IjtpOjE0NTk4NzIxMDI7czoxOiJjIjtpOjE0NTk4NzIxMDI7czoxOiJsIjtzOjE6IjAiO31zOjU6ImZsYXNoIjthOjI6e3M6Mzoib2xkIjthOjA6e31zOjM6Im5ldyI7YTowOnt9fX0=',1459872102,122),('ca615cb98d17464d1069f88f7225cb2c0afa06db','YTo0OntzOjY6Il90b2tlbiI7czo0MDoieHVyTVBlOU9ySTBSalhxdzVTM2dndG80R09acTg4eThSWUg1T3QzYSI7czoyMjoiUEhQREVCVUdCQVJfU1RBQ0tfREFUQSI7YTowOnt9czo5OiJfc2YyX21ldGEiO2E6Mzp7czoxOiJ1IjtpOjE0NTk4NzIxMDQ7czoxOiJjIjtpOjE0NTk4NzIxMDQ7czoxOiJsIjtzOjE6IjAiO31zOjU6ImZsYXNoIjthOjI6e3M6Mzoib2xkIjthOjA6e31zOjM6Im5ldyI7YTowOnt9fX0=',1459872105,123),('c85baa94ac1c5e27b00f01bf620a936269926990','YTo0OntzOjY6Il90b2tlbiI7czo0MDoiU1RJMjZvakpBT3d1TWdXdmp0ZTREczZpalZUTDZUcmNzU1VtaDU4dyI7czoyMjoiUEhQREVCVUdCQVJfU1RBQ0tfREFUQSI7YTowOnt9czo1OiJmbGFzaCI7YToyOntzOjM6Im9sZCI7YTowOnt9czozOiJuZXciO2E6MDp7fX1zOjk6Il9zZjJfbWV0YSI7YTozOntzOjE6InUiO2k6MTQ1OTk1MTcyNDtzOjE6ImMiO2k6MTQ1OTk1MTcyMTtzOjE6ImwiO3M6MToiMCI7fX0=',1459951724,124),('14f435b11803ea05ed75f9ebfc5f43f9b1a2a32b','YToxMjp7czo2OiJfdG9rZW4iO3M6NDA6Iko0YkdwTGtKTXprQjRjaW1rTlVicXZWUUxEQ2Z6RDVRdno1YnJZUGciO3M6NToiZmxhc2giO2E6Mjp7czozOiJvbGQiO2E6MDp7fXM6MzoibmV3IjthOjA6e319czozODoibG9naW5fODJlNWQyYzU2YmRkMDgxMTMxOGYwY2YwNzhiNzhiZmMiO2k6MTtzOjY6InVzZXJJZCI7aToxO3M6OToiZmlyc3ROYW1lIjtzOjQ6Inl1dmkiO3M6ODoibGFzdE5hbWUiO3M6NToic2luZ2giO3M6MTA6InByb2ZpbGVQaWMiO047czo0OiJyb2xlIjtpOjE7czo5OiJjaGFubmVsSWQiO2k6MTtzOjY6InR6TmFtZSI7czoxMzoiQXNpYS9DYWxjdXR0YSI7czoyMjoiUEhQREVCVUdCQVJfU1RBQ0tfREFUQSI7YTowOnt9czo5OiJfc2YyX21ldGEiO2E6Mzp7czoxOiJ1IjtpOjE0NjAxNDAxNTI7czoxOiJjIjtpOjE0NjAwOTUwODM7czoxOiJsIjtzOjE6IjAiO319',1460140152,126),('158f175fc57eb2eec2d0c1e1db9b24dc10d4c77a','YTo0OntzOjY6Il90b2tlbiI7czo0MDoiQjY0ZWhmS0JFcW4xVDVRTkdOem9IM0E3RGtjakd2NWZRTk5zUGYyZCI7czoyMjoiUEhQREVCVUdCQVJfU1RBQ0tfREFUQSI7YTowOnt9czo5OiJfc2YyX21ldGEiO2E6Mzp7czoxOiJ1IjtpOjE0NjAwOTU4NDQ7czoxOiJjIjtpOjE0NjAwOTU4NDQ7czoxOiJsIjtzOjE6IjAiO31zOjU6ImZsYXNoIjthOjI6e3M6Mzoib2xkIjthOjA6e31zOjM6Im5ldyI7YTowOnt9fX0=',1460095844,127),('e12bf510eee3603f21d84eaa66e82f28ef25ea9b','YTo0OntzOjY6Il90b2tlbiI7czo0MDoiVkV6U2hFSU41VjVLUVRVRmdBVHJqQlV0am1ZeTFZSkVPaHhFSTA2VCI7czoyMjoiUEhQREVCVUdCQVJfU1RBQ0tfREFUQSI7YTowOnt9czo5OiJfc2YyX21ldGEiO2E6Mzp7czoxOiJ1IjtpOjE0NjAwOTc2Nzc7czoxOiJjIjtpOjE0NjAwOTc2Nzc7czoxOiJsIjtzOjE6IjAiO31zOjU6ImZsYXNoIjthOjI6e3M6Mzoib2xkIjthOjA6e31zOjM6Im5ldyI7YTowOnt9fX0=',1460097677,128),('0b57c369bcc16c212cf9ac9b017980a11205e2a2','YTo0OntzOjY6Il90b2tlbiI7czo0MDoia0JCektiQVh1RkQyVXZucVpNWUNZc2pWcFdFV0JxUTRTUzBSdkJxZyI7czoyMjoiUEhQREVCVUdCQVJfU1RBQ0tfREFUQSI7YTowOnt9czo5OiJfc2YyX21ldGEiO2E6Mzp7czoxOiJ1IjtpOjE0NjAwOTc2OTk7czoxOiJjIjtpOjE0NjAwOTc2OTk7czoxOiJsIjtzOjE6IjAiO31zOjU6ImZsYXNoIjthOjI6e3M6Mzoib2xkIjthOjA6e31zOjM6Im5ldyI7YTowOnt9fX0=',1460097699,129),('ed8cb8ddc81943b1172e45b0921e6258209cd42f','YTo0OntzOjY6Il90b2tlbiI7czo0MDoiT3JwU2xLczBVY2JsbkowbjlIaHZnQW1xQWNjZXZpRE5wRXI4UnhSNSI7czoyMjoiUEhQREVCVUdCQVJfU1RBQ0tfREFUQSI7YTowOnt9czo5OiJfc2YyX21ldGEiO2E6Mzp7czoxOiJ1IjtpOjE0NjAxMDkxMTc7czoxOiJjIjtpOjE0NjAxMDkxMTc7czoxOiJsIjtzOjE6IjAiO31zOjU6ImZsYXNoIjthOjI6e3M6Mzoib2xkIjthOjA6e31zOjM6Im5ldyI7YTowOnt9fX0=',1460109118,130),('6fba8cf5bf4714657b81dfda1a4d492102225f42','YTo0OntzOjY6Il90b2tlbiI7czo0MDoiRG4xVUx5OW5PQ1dkOElab3RoNkROaXdWUTBYeldXUXRSSjA5QzdDTiI7czoyMjoiUEhQREVCVUdCQVJfU1RBQ0tfREFUQSI7YTowOnt9czo5OiJfc2YyX21ldGEiO2E6Mzp7czoxOiJ1IjtpOjE0NjAxMTI0NTY7czoxOiJjIjtpOjE0NjAxMTI0NTY7czoxOiJsIjtzOjE6IjAiO31zOjU6ImZsYXNoIjthOjI6e3M6Mzoib2xkIjthOjA6e31zOjM6Im5ldyI7YTowOnt9fX0=',1460112456,131),('1874e7f079b6b5dc9be2c3b75a9ac51c315572ab','YTo0OntzOjY6Il90b2tlbiI7czo0MDoiUDJVU0E3VXhqQTF6NWhlQVlYWXJEN3RTWmxEYzBSbmZXZzFqZkIyRCI7czoyMjoiUEhQREVCVUdCQVJfU1RBQ0tfREFUQSI7YTowOnt9czo5OiJfc2YyX21ldGEiO2E6Mzp7czoxOiJ1IjtpOjE0NjAxMTgzNzY7czoxOiJjIjtpOjE0NjAxMTgzNzY7czoxOiJsIjtzOjE6IjAiO31zOjU6ImZsYXNoIjthOjI6e3M6Mzoib2xkIjthOjA6e31zOjM6Im5ldyI7YTowOnt9fX0=',1460118376,132),('f268a77d2a6a0ab363fa02bec907ec93ce2fca80','YTo0OntzOjY6Il90b2tlbiI7czo0MDoiR0NpZFJBMUMwc3RGWGd6UVNYS0tWODFYR0t0MGxsMVpYVjBwZFZ5MiI7czoyMjoiUEhQREVCVUdCQVJfU1RBQ0tfREFUQSI7YTowOnt9czo1OiJmbGFzaCI7YToyOntzOjM6Im9sZCI7YTowOnt9czozOiJuZXciO2E6MDp7fX1zOjk6Il9zZjJfbWV0YSI7YTozOntzOjE6InUiO2k6MTQ2MDEyMTk4MTtzOjE6ImMiO2k6MTQ2MDEyMTk3OTtzOjE6ImwiO3M6MToiMCI7fX0=',1460121981,133),('fe94e2e5994a2ccef5733b3a7fdd1e693d3eed1b','YTo0OntzOjY6Il90b2tlbiI7czo0MDoiQkdsQUtLcktsb0lkTUJZdFRCS1B4bG9pWkYzYVRubElqV3RtSEdWaSI7czoyMjoiUEhQREVCVUdCQVJfU1RBQ0tfREFUQSI7YTowOnt9czo5OiJfc2YyX21ldGEiO2E6Mzp7czoxOiJ1IjtpOjE0NjAxMjQ4NjI7czoxOiJjIjtpOjE0NjAxMjQ4NjI7czoxOiJsIjtzOjE6IjAiO31zOjU6ImZsYXNoIjthOjI6e3M6Mzoib2xkIjthOjA6e31zOjM6Im5ldyI7YTowOnt9fX0=',1460124862,134),('87fa816eca2825ca03e8fba58472b104d5134e05','YTo0OntzOjY6Il90b2tlbiI7czo0MDoiclVKTWRwZmhBUXNnZTUwUXIxMUVLMmpGckxQWGRsT1Y5RDNHeXc2dSI7czoyMjoiUEhQREVCVUdCQVJfU1RBQ0tfREFUQSI7YTowOnt9czo5OiJfc2YyX21ldGEiO2E6Mzp7czoxOiJ1IjtpOjE0NjAxMjQ4NzQ7czoxOiJjIjtpOjE0NjAxMjQ4NzQ7czoxOiJsIjtzOjE6IjAiO31zOjU6ImZsYXNoIjthOjI6e3M6Mzoib2xkIjthOjA6e31zOjM6Im5ldyI7YTowOnt9fX0=',1460124875,135),('0df6cef3df9b1137f8e563cbf02f7497ad02b5f5','YTo0OntzOjY6Il90b2tlbiI7czo0MDoiZGxhS21oSEs3SHViVWU1ZUVoaVh5V3JraU5mbTVBUmNod2trQnVheSI7czoyMjoiUEhQREVCVUdCQVJfU1RBQ0tfREFUQSI7YTowOnt9czo5OiJfc2YyX21ldGEiO2E6Mzp7czoxOiJ1IjtpOjE0NjAxMjQ4OTk7czoxOiJjIjtpOjE0NjAxMjQ4OTk7czoxOiJsIjtzOjE6IjAiO31zOjU6ImZsYXNoIjthOjI6e3M6Mzoib2xkIjthOjA6e31zOjM6Im5ldyI7YTowOnt9fX0=',1460124899,136),('9acb53b428b63ac0e4c0c2fcf5c7db03ce14a720','YTo0OntzOjY6Il90b2tlbiI7czo0MDoid21OenFRUGJ6YUl1RnRZdU1RdnZXZEY0MTN4OE9vbnVBaUs2VWlCVCI7czoyMjoiUEhQREVCVUdCQVJfU1RBQ0tfREFUQSI7YTowOnt9czo5OiJfc2YyX21ldGEiO2E6Mzp7czoxOiJ1IjtpOjE0NjAxMjQ5MjU7czoxOiJjIjtpOjE0NjAxMjQ5MjU7czoxOiJsIjtzOjE6IjAiO31zOjU6ImZsYXNoIjthOjI6e3M6Mzoib2xkIjthOjA6e31zOjM6Im5ldyI7YTowOnt9fX0=',1460124925,137),('b933d5fe81989bee101e9dae339a783294d3f4c2','YTo0OntzOjY6Il90b2tlbiI7czo0MDoibWFyNjJiT1Fsc2M5WjBIN0FCR1ZZdHE0MWVWSzBpM2RtMU1PaVRNcCI7czoyMjoiUEhQREVCVUdCQVJfU1RBQ0tfREFUQSI7YTowOnt9czo5OiJfc2YyX21ldGEiO2E6Mzp7czoxOiJ1IjtpOjE0NjAxMzI1MzQ7czoxOiJjIjtpOjE0NjAxMzI1MzQ7czoxOiJsIjtzOjE6IjAiO31zOjU6ImZsYXNoIjthOjI6e3M6Mzoib2xkIjthOjA6e31zOjM6Im5ldyI7YTowOnt9fX0=',1460132534,138),('a27e967d5ca5f48d799fbd0076ae40a0c4832063','YTo0OntzOjY6Il90b2tlbiI7czo0MDoia2FUd0E1cnRYSGpXaDFObHBkY2dCeXBUWHlIekY3T3kyYmRpVU4xTyI7czoyMjoiUEhQREVCVUdCQVJfU1RBQ0tfREFUQSI7YTowOnt9czo5OiJfc2YyX21ldGEiO2E6Mzp7czoxOiJ1IjtpOjE0NjAxMzI1Mzc7czoxOiJjIjtpOjE0NjAxMzI1Mzc7czoxOiJsIjtzOjE6IjAiO31zOjU6ImZsYXNoIjthOjI6e3M6Mzoib2xkIjthOjA6e31zOjM6Im5ldyI7YTowOnt9fX0=',1460132538,139),('fb8b77c8ba0c8ad4db2aed0ae69f39fd765d06d7','YTo0OntzOjY6Il90b2tlbiI7czo0MDoiQ3lHQmV3MDBBY3pnZjJUMngycTNaYUpodXBpWHlxSjdUdU50Q25VMSI7czoyMjoiUEhQREVCVUdCQVJfU1RBQ0tfREFUQSI7YTowOnt9czo5OiJfc2YyX21ldGEiO2E6Mzp7czoxOiJ1IjtpOjE0NjAxMzM2NDQ7czoxOiJjIjtpOjE0NjAxMzM2NDQ7czoxOiJsIjtzOjE6IjAiO31zOjU6ImZsYXNoIjthOjI6e3M6Mzoib2xkIjthOjA6e31zOjM6Im5ldyI7YTowOnt9fX0=',1460133650,140),('7c7e2e85176237e80f89098a4e660c2c08fe7dc2','YTo0OntzOjY6Il90b2tlbiI7czo0MDoiNXphZkZrWmE1WTFMNXAwVUhPNkgzd09FNkZVWGlYcU96RHVtdGMweCI7czoyMjoiUEhQREVCVUdCQVJfU1RBQ0tfREFUQSI7YTowOnt9czo5OiJfc2YyX21ldGEiO2E6Mzp7czoxOiJ1IjtpOjE0NjAxMzM2NTM7czoxOiJjIjtpOjE0NjAxMzM2NTM7czoxOiJsIjtzOjE6IjAiO31zOjU6ImZsYXNoIjthOjI6e3M6Mzoib2xkIjthOjA6e31zOjM6Im5ldyI7YTowOnt9fX0=',1460133653,141),('92257df24c7736475eda82c513359466aa146cfd','YTozOntzOjY6Il90b2tlbiI7czo0MDoiNHFBRGhVWUw0U0NwYkJ0SnpEdmplcXlOUG9hUzJLdlZDRWtvcXlyQiI7czo1OiJmbGFzaCI7YToyOntzOjM6Im9sZCI7YTowOnt9czozOiJuZXciO2E6MDp7fX1zOjk6Il9zZjJfbWV0YSI7YTozOntzOjE6InUiO2k6MTQ2MDEzNDYyMTtzOjE6ImMiO2k6MTQ2MDEzNDYyMTtzOjE6ImwiO3M6MToiMCI7fX0=',1460134622,142),('d11b3aa1ad9faac403069277b253ab4540d9b66e','YTo0OntzOjY6Il90b2tlbiI7czo0MDoiMFdNd0c1c0J2S2E0QVZMcEdTcHNGTUU1elBXSzVsOGppd1Z5dzA2VyI7czoyMjoiUEhQREVCVUdCQVJfU1RBQ0tfREFUQSI7YTowOnt9czo5OiJfc2YyX21ldGEiO2E6Mzp7czoxOiJ1IjtpOjE0NjAxMzY1Mjc7czoxOiJjIjtpOjE0NjAxMzY1Mjc7czoxOiJsIjtzOjE6IjAiO31zOjU6ImZsYXNoIjthOjI6e3M6Mzoib2xkIjthOjA6e31zOjM6Im5ldyI7YTowOnt9fX0=',1460136527,147),('315795763587e4ffb6510c5504ac577919634f87','YTo0OntzOjY6Il90b2tlbiI7czo0MDoiUWtVZ2JlRENuRXNsTnVVbm92amZWVTZYT1RxZFdwbFdMUUhvbXkzaiI7czoyMjoiUEhQREVCVUdCQVJfU1RBQ0tfREFUQSI7YTowOnt9czo5OiJfc2YyX21ldGEiO2E6Mzp7czoxOiJ1IjtpOjE0NjAxMzY1Mjk7czoxOiJjIjtpOjE0NjAxMzY1Mjk7czoxOiJsIjtzOjE6IjAiO31zOjU6ImZsYXNoIjthOjI6e3M6Mzoib2xkIjthOjA6e31zOjM6Im5ldyI7YTowOnt9fX0=',1460136529,148),('0e2cd9eed53bde57ced807dbf17111b9b489621c','YTo0OntzOjY6Il90b2tlbiI7czo0MDoiMFFvbkU1UjJvU0U2WnQ2TDlQeFdYbGp1UHNPZkltUnE3SXFxM3J5RCI7czoyMjoiUEhQREVCVUdCQVJfU1RBQ0tfREFUQSI7YTowOnt9czo5OiJfc2YyX21ldGEiO2E6Mzp7czoxOiJ1IjtpOjE0NjAxMzcxODc7czoxOiJjIjtpOjE0NjAxMzcxODc7czoxOiJsIjtzOjE6IjAiO31zOjU6ImZsYXNoIjthOjI6e3M6Mzoib2xkIjthOjA6e31zOjM6Im5ldyI7YTowOnt9fX0=',1460137187,150),('fd866a176bed9247afc9cc929bd7edbcc48905de','YTo0OntzOjY6Il90b2tlbiI7czo0MDoicm16VTF4d2kyOVpRYmdQbllpTVJBNzNmWHZSVEZ0WlRpNmgxNVh6SiI7czoyMjoiUEhQREVCVUdCQVJfU1RBQ0tfREFUQSI7YTowOnt9czo5OiJfc2YyX21ldGEiO2E6Mzp7czoxOiJ1IjtpOjE0NjAxMzcxODg7czoxOiJjIjtpOjE0NjAxMzcxODg7czoxOiJsIjtzOjE6IjAiO31zOjU6ImZsYXNoIjthOjI6e3M6Mzoib2xkIjthOjA6e31zOjM6Im5ldyI7YTowOnt9fX0=',1460137188,151),('78d09c8c4ed5c1bcea91e63f5f719b9a886ab0d1','YToxMjp7czo2OiJfdG9rZW4iO3M6NDA6IkUycFB1RVdyaW4wbWI1MDF5bUkzS2xiVmhqaDZ1YnJXTGs0MENFdGYiO3M6NToiZmxhc2giO2E6Mjp7czozOiJvbGQiO2E6MDp7fXM6MzoibmV3IjthOjA6e319czo2OiJ1c2VySWQiO2k6NjtzOjk6ImZpcnN0TmFtZSI7czoxODoic2hydXRpcEBhaXNzZWwuY29tIjtzOjg6Imxhc3ROYW1lIjtzOjE4OiJzaHJ1dGlwQGFpc3NlbC5jb20iO3M6MTA6InByb2ZpbGVQaWMiO047czo0OiJyb2xlIjtpOjM7czo5OiJjaGFubmVsSWQiO047czo2OiJ0ek5hbWUiO3M6MTM6IkFzaWEvQ2FsY3V0dGEiO3M6MjI6IlBIUERFQlVHQkFSX1NUQUNLX0RBVEEiO2E6MDp7fXM6Mzg6ImxvZ2luXzgyZTVkMmM1NmJkZDA4MTEzMThmMGNmMDc4Yjc4YmZjIjtpOjY7czo5OiJfc2YyX21ldGEiO2E6Mzp7czoxOiJ1IjtpOjE0NjAxNDAxNTc7czoxOiJjIjtpOjE0NjAxMzQ2MjE7czoxOiJsIjtzOjE6IjAiO319',1460140157,152),('e8c938d96c6580ad1bd2e69753dbc6f4d5883001','YTo0OntzOjY6Il90b2tlbiI7czo0MDoiOUptN0g5Vlp3eVppZDU1Mm1qaGUzeVJpWWFHQnpNNFRxMk1FM1cxNiI7czoyMjoiUEhQREVCVUdCQVJfU1RBQ0tfREFUQSI7YTowOnt9czo5OiJfc2YyX21ldGEiO2E6Mzp7czoxOiJ1IjtpOjE0NjAxNzcwMTM7czoxOiJjIjtpOjE0NjAxNzcwMTM7czoxOiJsIjtzOjE6IjAiO31zOjU6ImZsYXNoIjthOjI6e3M6Mzoib2xkIjthOjA6e31zOjM6Im5ldyI7YTowOnt9fX0=',1460177014,153),('821df7510429ffe0b19270a6dcef369e343cbb44','YToxMjp7czo2OiJfdG9rZW4iO3M6NDA6IkFGVjZuVG5YTk5OY2c3OWd1MW8wWUxsMndXbXUxWFhveFRreU5GdE8iO3M6MjI6IlBIUERFQlVHQkFSX1NUQUNLX0RBVEEiO2E6MDp7fXM6NToiZmxhc2giO2E6Mjp7czozOiJvbGQiO2E6MDp7fXM6MzoibmV3IjthOjA6e319czozODoibG9naW5fODJlNWQyYzU2YmRkMDgxMTMxOGYwY2YwNzhiNzhiZmMiO2k6MTtzOjY6InVzZXJJZCI7aToxO3M6OToiZmlyc3ROYW1lIjtzOjQ6Inl1dmkiO3M6ODoibGFzdE5hbWUiO3M6NToic2luZ2giO3M6MTA6InByb2ZpbGVQaWMiO047czo0OiJyb2xlIjtpOjE7czo5OiJjaGFubmVsSWQiO2k6MTtzOjY6InR6TmFtZSI7czoxMzoiQXNpYS9DYWxjdXR0YSI7czo5OiJfc2YyX21ldGEiO2E6Mzp7czoxOiJ1IjtpOjE0NjAxNzk2NDI7czoxOiJjIjtpOjE0NjAxNzc0MDE7czoxOiJsIjtzOjE6IjAiO319',1460179642,155),('88d4c13dbb58dfef4b23b713e82fdbf3fa825f3c','YToxMjp7czo2OiJfdG9rZW4iO3M6NDA6ImdwdjBYdWdVN2J1ekduZjVUZFh0ZUF1c3lRUkNuMHgwaEJySzNuRmoiO3M6NToiZmxhc2giO2E6Mjp7czozOiJvbGQiO2E6MDp7fXM6MzoibmV3IjthOjA6e319czozODoibG9naW5fODJlNWQyYzU2YmRkMDgxMTMxOGYwY2YwNzhiNzhiZmMiO2k6MjtzOjY6InVzZXJJZCI7aToyO3M6OToiZmlyc3ROYW1lIjtzOjI2OiJzaHJ1dGlwdXJ1c2hhbjIwQGdtYWlsLmNvbSI7czo4OiJsYXN0TmFtZSI7czoyNjoic2hydXRpcHVydXNoYW4yMEBnbWFpbC5jb20iO3M6MTA6InByb2ZpbGVQaWMiO047czo0OiJyb2xlIjtpOjM7czo5OiJjaGFubmVsSWQiO047czoyMjoiUEhQREVCVUdCQVJfU1RBQ0tfREFUQSI7YTowOnt9czo2OiJ0ek5hbWUiO3M6MTM6IkFzaWEvQ2FsY3V0dGEiO3M6OToiX3NmMl9tZXRhIjthOjM6e3M6MToidSI7aToxNDYwMTc5NjM4O3M6MToiYyI7aToxNDYwMTc5MTUzO3M6MToibCI7czoxOiIwIjt9fQ==',1460179639,157),('63104de21dcf918e40dc644ab65d3613b9803b23','YTo0OntzOjY6Il90b2tlbiI7czo0MDoianoyRUlPcE81cDRGN3FCUXRjWXlPNHVnZDFKcmJJbjUzVjNjMFdRYSI7czoyMjoiUEhQREVCVUdCQVJfU1RBQ0tfREFUQSI7YToxOntzOjMyOiI2MmFlYTkxOWY5NjU2NjNhNmEzMDEwYmRjODUyZDNlMSI7Tjt9czo5OiJfc2YyX21ldGEiO2E6Mzp7czoxOiJ1IjtpOjE0NjAyMDk2ODI7czoxOiJjIjtpOjE0NjAyMDk2ODI7czoxOiJsIjtzOjE6IjAiO31zOjU6ImZsYXNoIjthOjI6e3M6Mzoib2xkIjthOjA6e31zOjM6Im5ldyI7YTowOnt9fX0=',1460209685,158),('41d0d38bfce0d009a3610c7e348a6df2ddc3016a','YToxMjp7czo2OiJfdG9rZW4iO3M6NDA6IjliZHhPblJ2UU9xWjNZMHN1VDZvMTNWTzNXRVk3bnpSZlNxMXhET2giO3M6MjI6IlBIUERFQlVHQkFSX1NUQUNLX0RBVEEiO2E6MDp7fXM6NToiZmxhc2giO2E6Mjp7czozOiJvbGQiO2E6MDp7fXM6MzoibmV3IjthOjA6e319czozODoibG9naW5fODJlNWQyYzU2YmRkMDgxMTMxOGYwY2YwNzhiNzhiZmMiO2k6MjtzOjY6InVzZXJJZCI7aToyO3M6OToiZmlyc3ROYW1lIjtzOjI2OiJzaHJ1dGlwdXJ1c2hhbjIwQGdtYWlsLmNvbSI7czo4OiJsYXN0TmFtZSI7czoyNjoic2hydXRpcHVydXNoYW4yMEBnbWFpbC5jb20iO3M6MTA6InByb2ZpbGVQaWMiO047czo0OiJyb2xlIjtpOjM7czo5OiJjaGFubmVsSWQiO047czo2OiJ0ek5hbWUiO3M6MTM6IkFzaWEvQ2FsY3V0dGEiO3M6OToiX3NmMl9tZXRhIjthOjM6e3M6MToidSI7aToxNDYwMjEzMTg4O3M6MToiYyI7aToxNDYwMjA5Njg3O3M6MToibCI7czoxOiIwIjt9fQ==',1460213188,160),('0d57c97bc5191cc9c7fe93ced40e8ee52295b3c8','YTo0OntzOjY6Il90b2tlbiI7czo0MDoiZ3lFcFFQRVdZNDBhMnZkTWpoNnhOTGNSek8xQXF2MGJqeEtwemoxVSI7czoyMjoiUEhQREVCVUdCQVJfU1RBQ0tfREFUQSI7YTowOnt9czo1OiJmbGFzaCI7YToyOntzOjM6Im9sZCI7YTowOnt9czozOiJuZXciO2E6MDp7fX1zOjk6Il9zZjJfbWV0YSI7YTozOntzOjE6InUiO2k6MTQ2MDIxMzc2NztzOjE6ImMiO2k6MTQ2MDIxMzcyNztzOjE6ImwiO3M6MToiMCI7fX0=',1460213767,163),('1d304071a870041ede836036817e321fa207bbbf','YTo0OntzOjY6Il90b2tlbiI7czo0MDoiYXB5SU9VTVVsYk5BN0xFVENkY2d0R3RUWElDZVdtU2R6QzBmTnA5dSI7czoyMjoiUEhQREVCVUdCQVJfU1RBQ0tfREFUQSI7YTowOnt9czo5OiJfc2YyX21ldGEiO2E6Mzp7czoxOiJ1IjtpOjE0NjAyMTM5NTc7czoxOiJjIjtpOjE0NjAyMTM5NTc7czoxOiJsIjtzOjE6IjAiO31zOjU6ImZsYXNoIjthOjI6e3M6Mzoib2xkIjthOjA6e31zOjM6Im5ldyI7YTowOnt9fX0=',1460213957,164),('84c7a658031e74897e0c5c7ec45e4f754cabe160','YToxMjp7czo2OiJfdG9rZW4iO3M6NDA6IkdlNXNub293WnkyZ2lEcG9UOHk5eFlWMTRDV3c4ZDBQME9nTFhHYkYiO3M6NToiZmxhc2giO2E6Mjp7czozOiJvbGQiO2E6MDp7fXM6MzoibmV3IjthOjA6e319czozODoibG9naW5fODJlNWQyYzU2YmRkMDgxMTMxOGYwY2YwNzhiNzhiZmMiO2k6MjtzOjY6InVzZXJJZCI7aToyO3M6OToiZmlyc3ROYW1lIjtzOjI2OiJzaHJ1dGlwdXJ1c2hhbjIwQGdtYWlsLmNvbSI7czo4OiJsYXN0TmFtZSI7czoyNjoic2hydXRpcHVydXNoYW4yMEBnbWFpbC5jb20iO3M6MTA6InByb2ZpbGVQaWMiO047czo0OiJyb2xlIjtpOjM7czo5OiJjaGFubmVsSWQiO047czoyMjoiUEhQREVCVUdCQVJfU1RBQ0tfREFUQSI7YTowOnt9czo2OiJ0ek5hbWUiO3M6MTM6IkFzaWEvQ2FsY3V0dGEiO3M6OToiX3NmMl9tZXRhIjthOjM6e3M6MToidSI7aToxNDYwMjE1OTcwO3M6MToiYyI7aToxNDYwMjE1NzU5O3M6MToibCI7czoxOiIwIjt9fQ==',1460215970,166),('f7a96c6009d7c7e20817157fb04ac0ab346a4581','YToxMTp7czo2OiJfdG9rZW4iO3M6NDA6IlJBV3phd2xLbmNYaHozSkFTSW9vZEVxaGxiZzFzUmYwVTF0eHJGYUkiO3M6NToiZmxhc2giO2E6Mjp7czozOiJvbGQiO2E6MDp7fXM6MzoibmV3IjthOjA6e319czo2OiJ1c2VySWQiO2k6MTtzOjk6ImZpcnN0TmFtZSI7czo0OiJ5dXZpIjtzOjg6Imxhc3ROYW1lIjtzOjU6InNpbmdoIjtzOjEwOiJwcm9maWxlUGljIjtOO3M6NDoicm9sZSI7aToxO3M6OToiY2hhbm5lbElkIjtpOjE7czo2OiJ0ek5hbWUiO3M6MTM6IkFzaWEvQ2FsY3V0dGEiO3M6MjI6IlBIUERFQlVHQkFSX1NUQUNLX0RBVEEiO2E6MDp7fXM6OToiX3NmMl9tZXRhIjthOjM6e3M6MToidSI7aToxNDYwMjIzOTAzO3M6MToiYyI7aToxNDYwMjA5NzI5O3M6MToibCI7czoxOiIwIjt9fQ==',1460223903,171),('44d9a5644dba3a5ec31bf482be6864b848739ee9','YTo0OntzOjY6Il90b2tlbiI7czo0MDoiUzVtN0w3WHdteEVjZ1YxcUVhQnN3Y0lhdDFqTHNLODU1NXFrd2NYWSI7czoyMjoiUEhQREVCVUdCQVJfU1RBQ0tfREFUQSI7YTowOnt9czo5OiJfc2YyX21ldGEiO2E6Mzp7czoxOiJ1IjtpOjE0NjAyMjI0Mjc7czoxOiJjIjtpOjE0NjAyMjI0Mjc7czoxOiJsIjtzOjE6IjAiO31zOjU6ImZsYXNoIjthOjI6e3M6Mzoib2xkIjthOjA6e31zOjM6Im5ldyI7YTowOnt9fX0=',1460222427,172),('ae281c845b5f5097a5eefd8c6f1a30a09d83c090','YTo0OntzOjY6Il90b2tlbiI7czo0MDoiWVlKdHIxT3M1YUtIekQ3V095UEtXVE1sYWh6VEFoVnFucWlOZFJ4eSI7czoyMjoiUEhQREVCVUdCQVJfU1RBQ0tfREFUQSI7YTowOnt9czo1OiJmbGFzaCI7YToyOntzOjM6Im9sZCI7YTowOnt9czozOiJuZXciO2E6MDp7fX1zOjk6Il9zZjJfbWV0YSI7YTozOntzOjE6InUiO2k6MTQ2MDI2NTc3OTtzOjE6ImMiO2k6MTQ2MDI2NTc1MTtzOjE6ImwiO3M6MToiMCI7fX0=',1460265779,175),('435b37f706505f0b9d49e7c3f80ad742828fec22','YTo0OntzOjY6Il90b2tlbiI7czo0MDoiWEdiT2dSaUdkWHlua1A3SEpwdXU4ZFdBTFU4SEVCNnJ1UHZaVjZabyI7czoyMjoiUEhQREVCVUdCQVJfU1RBQ0tfREFUQSI7YTowOnt9czo5OiJfc2YyX21ldGEiO2E6Mzp7czoxOiJ1IjtpOjE0NjAyNzE0NTM7czoxOiJjIjtpOjE0NjAyNzE0NTM7czoxOiJsIjtzOjE6IjAiO31zOjU6ImZsYXNoIjthOjI6e3M6Mzoib2xkIjthOjA6e31zOjM6Im5ldyI7YTowOnt9fX0=',1460271454,178),('c150db1ac10c14059d61ab108ab9400c8fad90bf','YToxMjp7czo2OiJfdG9rZW4iO3M6NDA6InBRUU1pZVhubDRjaUhPdzdBTzNhYUc4RlFhM3Fqc3VXUFhiWVpYV0giO3M6NToiZmxhc2giO2E6Mjp7czozOiJvbGQiO2E6MDp7fXM6MzoibmV3IjthOjA6e319czo2OiJ1c2VySWQiO2k6MTtzOjk6ImZpcnN0TmFtZSI7czo0OiJ5dXZpIjtzOjg6Imxhc3ROYW1lIjtzOjU6InNpbmdoIjtzOjEwOiJwcm9maWxlUGljIjtOO3M6NDoicm9sZSI7aToxO3M6OToiY2hhbm5lbElkIjtpOjE7czo2OiJ0ek5hbWUiO3M6MTM6IkFzaWEvQ2FsY3V0dGEiO3M6Mzg6ImxvZ2luXzgyZTVkMmM1NmJkZDA4MTEzMThmMGNmMDc4Yjc4YmZjIjtpOjE7czoyMjoiUEhQREVCVUdCQVJfU1RBQ0tfREFUQSI7YTowOnt9czo5OiJfc2YyX21ldGEiO2E6Mzp7czoxOiJ1IjtpOjE0NjAyNzUyNzg7czoxOiJjIjtpOjE0NjAyNjM0NDk7czoxOiJsIjtzOjE6IjAiO319',1460275278,180),('4b23869c1771e9d35e0c9596e9d127b63e6d4851','YTo0OntzOjY6Il90b2tlbiI7czo0MDoid2FzYWVSVmNwblJuSER3dVp6TTJITHlFMzdKY0g2QzFZNVdDdkRZNyI7czoyMjoiUEhQREVCVUdCQVJfU1RBQ0tfREFUQSI7YTowOnt9czo5OiJfc2YyX21ldGEiO2E6Mzp7czoxOiJ1IjtpOjE0NjAyNzQzOTM7czoxOiJjIjtpOjE0NjAyNzQzOTM7czoxOiJsIjtzOjE6IjAiO31zOjU6ImZsYXNoIjthOjI6e3M6Mzoib2xkIjthOjA6e31zOjM6Im5ldyI7YTowOnt9fX0=',1460274393,181),('c124980a6cb1d8ee1d4ae18ca6075abae92cab58','YTo0OntzOjY6Il90b2tlbiI7czo0MDoiOXVtYVk1dzJsZ2xxVkxzRTFkR1Z1eFdIQmdCMFNhZ2gxYUhLdDQ2YSI7czoyMjoiUEhQREVCVUdCQVJfU1RBQ0tfREFUQSI7YTowOnt9czo5OiJfc2YyX21ldGEiO2E6Mzp7czoxOiJ1IjtpOjE0NjAyNzQ0OTQ7czoxOiJjIjtpOjE0NjAyNzQ0OTQ7czoxOiJsIjtzOjE6IjAiO31zOjU6ImZsYXNoIjthOjI6e3M6Mzoib2xkIjthOjA6e31zOjM6Im5ldyI7YTowOnt9fX0=',1460274494,182),('bd2111e1c2964aadfd927848c1a92518ddbbb31d','YTo0OntzOjY6Il90b2tlbiI7czo0MDoiRHhra0Vodm9waWJCZkMxSFM2NTQ1R1RpUkxGa2htb1BEZ2pmOGF2ZyI7czoyMjoiUEhQREVCVUdCQVJfU1RBQ0tfREFUQSI7YTowOnt9czo5OiJfc2YyX21ldGEiO2E6Mzp7czoxOiJ1IjtpOjE0NjAzMDI5NjY7czoxOiJjIjtpOjE0NjAzMDI5NjY7czoxOiJsIjtzOjE6IjAiO31zOjU6ImZsYXNoIjthOjI6e3M6Mzoib2xkIjthOjA6e31zOjM6Im5ldyI7YTowOnt9fX0=',1460302966,186),('ee8e01b66435c1928bc9a3a438a3fa29772bf8f4','YToxMjp7czo2OiJfdG9rZW4iO3M6NDA6IjJkc25yWTUyN0syVEVrZTRaZ0VoTVhSa2ZEM0NGUzlSVGVjd0YwYlIiO3M6NToiZmxhc2giO2E6Mjp7czozOiJvbGQiO2E6MDp7fXM6MzoibmV3IjthOjA6e319czoyMjoiUEhQREVCVUdCQVJfU1RBQ0tfREFUQSI7YTowOnt9czozODoibG9naW5fODJlNWQyYzU2YmRkMDgxMTMxOGYwY2YwNzhiNzhiZmMiO2k6MztzOjY6InVzZXJJZCI7aTozO3M6OToiZmlyc3ROYW1lIjtzOjE5OiJ5dXZhcmFqbUBhaXNzZWwuY29tIjtzOjg6Imxhc3ROYW1lIjtzOjE5OiJ5dXZhcmFqbUBhaXNzZWwuY29tIjtzOjEwOiJwcm9maWxlUGljIjtOO3M6NDoicm9sZSI7aTozO3M6OToiY2hhbm5lbElkIjtOO3M6NjoidHpOYW1lIjtzOjEzOiJBc2lhL0NhbGN1dHRhIjtzOjk6Il9zZjJfbWV0YSI7YTozOntzOjE6InUiO2k6MTQ2MDMwOTUyMjtzOjE6ImMiO2k6MTQ2MDMwMjU2NztzOjE6ImwiO3M6MToiMCI7fX0=',1460309522,188),('2fcb0b37e3c83c5926da9b7f60e9510becf67af4','YTo0OntzOjY6Il90b2tlbiI7czo0MDoiN3ZobHRITUZuWnd4VzBJZU1ZWmtZbWFIbnp3blJoUUIwYUloWmtYWiI7czoyMjoiUEhQREVCVUdCQVJfU1RBQ0tfREFUQSI7YTowOnt9czo5OiJfc2YyX21ldGEiO2E6Mzp7czoxOiJ1IjtpOjE0NjAzMDg0MTQ7czoxOiJjIjtpOjE0NjAzMDg0MTQ7czoxOiJsIjtzOjE6IjAiO31zOjU6ImZsYXNoIjthOjI6e3M6Mzoib2xkIjthOjA6e31zOjM6Im5ldyI7YTowOnt9fX0=',1460308414,189),('a67836570eb4e1998aef0312dfcbdb201ac13ae0','YTo0OntzOjY6Il90b2tlbiI7czo0MDoiTnNKaDJBU1NuamtpUXN1YUZLcjYwV2RMU3VtYldOU0VLYjlJTHFkeCI7czoyMjoiUEhQREVCVUdCQVJfU1RBQ0tfREFUQSI7YTowOnt9czo5OiJfc2YyX21ldGEiO2E6Mzp7czoxOiJ1IjtpOjE0NjAzMDg0MTU7czoxOiJjIjtpOjE0NjAzMDg0MTU7czoxOiJsIjtzOjE6IjAiO31zOjU6ImZsYXNoIjthOjI6e3M6Mzoib2xkIjthOjA6e31zOjM6Im5ldyI7YTowOnt9fX0=',1460308415,190),('45f9c4de31b68ecd7f728b7396aee5485fe36305','YTo0OntzOjY6Il90b2tlbiI7czo0MDoic2hqTkdEUTVLYVNOMDVnVG40dVNja0lBeUVsc0ZBaEhnS2dmMjVzYyI7czoyMjoiUEhQREVCVUdCQVJfU1RBQ0tfREFUQSI7YTowOnt9czo5OiJfc2YyX21ldGEiO2E6Mzp7czoxOiJ1IjtpOjE0NjAzMDkwMzg7czoxOiJjIjtpOjE0NjAzMDkwMzg7czoxOiJsIjtzOjE6IjAiO31zOjU6ImZsYXNoIjthOjI6e3M6Mzoib2xkIjthOjA6e31zOjM6Im5ldyI7YTowOnt9fX0=',1460309038,191),('0c8dda13c6de37c239952010571904f0db33b2c5','YTo0OntzOjY6Il90b2tlbiI7czo0MDoiWGNGUjRYb3ROTHFaT0NhV1JqS3VCZjJwcFdQWmtsU2NxTkRpb21LcyI7czoyMjoiUEhQREVCVUdCQVJfU1RBQ0tfREFUQSI7YTowOnt9czo5OiJfc2YyX21ldGEiO2E6Mzp7czoxOiJ1IjtpOjE0NjAzMDkwNDA7czoxOiJjIjtpOjE0NjAzMDkwNDA7czoxOiJsIjtzOjE6IjAiO31zOjU6ImZsYXNoIjthOjI6e3M6Mzoib2xkIjthOjA6e31zOjM6Im5ldyI7YTowOnt9fX0=',1460309040,192),('45fcf07e1cccd083b72528d7e1fa4fdf6f748cac','YToxMjp7czo2OiJfdG9rZW4iO3M6NDA6InFRNHY2SlNWQW9HbGVrYXJFRUNOaWFXTkp0RTlCMWZRZGxSYVpiUWUiO3M6NToiZmxhc2giO2E6Mjp7czozOiJvbGQiO2E6MDp7fXM6MzoibmV3IjthOjA6e319czo2OiJ1c2VySWQiO2k6MztzOjk6ImZpcnN0TmFtZSI7czoxOToieXV2YXJham1AYWlzc2VsLmNvbSI7czo4OiJsYXN0TmFtZSI7czoxOToieXV2YXJham1AYWlzc2VsLmNvbSI7czoxMDoicHJvZmlsZVBpYyI7TjtzOjQ6InJvbGUiO2k6MztzOjk6ImNoYW5uZWxJZCI7TjtzOjY6InR6TmFtZSI7czoxMzoiQXNpYS9DYWxjdXR0YSI7czozODoibG9naW5fODJlNWQyYzU2YmRkMDgxMTMxOGYwY2YwNzhiNzhiZmMiO2k6MztzOjIyOiJQSFBERUJVR0JBUl9TVEFDS19EQVRBIjthOjA6e31zOjk6Il9zZjJfbWV0YSI7YTozOntzOjE6InUiO2k6MTQ2MDMxMTE0NDtzOjE6ImMiO2k6MTQ2MDI5MjgxMjtzOjE6ImwiO3M6MToiMCI7fX0=',1460311144,196),('e44fd3d36f975e4af8a3a763433f347ff4e1bf11','YToxMjp7czo2OiJfdG9rZW4iO3M6NDA6Im9DOU5Bck5ab3pVQWpPb295amxPZkZSYkJqR1lBdDg4NmdjWDUyZHIiO3M6MjI6IlBIUERFQlVHQkFSX1NUQUNLX0RBVEEiO2E6MDp7fXM6NToiZmxhc2giO2E6Mjp7czozOiJvbGQiO2E6MDp7fXM6MzoibmV3IjthOjA6e319czozODoibG9naW5fODJlNWQyYzU2YmRkMDgxMTMxOGYwY2YwNzhiNzhiZmMiO2k6MTtzOjY6InVzZXJJZCI7aToxO3M6OToiZmlyc3ROYW1lIjtzOjQ6Inl1dmkiO3M6ODoibGFzdE5hbWUiO3M6NToic2luZ2giO3M6MTA6InByb2ZpbGVQaWMiO047czo0OiJyb2xlIjtpOjE7czo5OiJjaGFubmVsSWQiO2k6MTtzOjY6InR6TmFtZSI7czoxMzoiQXNpYS9DYWxjdXR0YSI7czo5OiJfc2YyX21ldGEiO2E6Mzp7czoxOiJ1IjtpOjE0NjAzODQ0NjI7czoxOiJjIjtpOjE0NjAzODQyMjI7czoxOiJsIjtzOjE6IjAiO319',1460384462,198),('ab009b5c4b5ed918eaa080f8e73659d91c291258','YTo0OntzOjY6Il90b2tlbiI7czo0MDoicjhRVDNkQ2p1YWtlNWRVN2hCcU5GSWZHRVRXNENQNFlXeVFXVVlNQSI7czoyMjoiUEhQREVCVUdCQVJfU1RBQ0tfREFUQSI7YTowOnt9czo5OiJfc2YyX21ldGEiO2E6Mzp7czoxOiJ1IjtpOjE0NjAzODU3NTU7czoxOiJjIjtpOjE0NjAzODU3NTU7czoxOiJsIjtzOjE6IjAiO31zOjU6ImZsYXNoIjthOjI6e3M6Mzoib2xkIjthOjA6e31zOjM6Im5ldyI7YTowOnt9fX0=',1460385756,199),('f8479e895ea95d2b6fe435ec78a5cdb728f31155','YTo0OntzOjY6Il90b2tlbiI7czo0MDoiQ2VGRnRiRGNNbWl1YnRvT05KblM5c0J3ZlVzRk1tRGxFT2JKc0hRTiI7czoyMjoiUEhQREVCVUdCQVJfU1RBQ0tfREFUQSI7YTowOnt9czo1OiJmbGFzaCI7YToyOntzOjM6Im9sZCI7YTowOnt9czozOiJuZXciO2E6MDp7fX1zOjk6Il9zZjJfbWV0YSI7YTozOntzOjE6InUiO2k6MTQ2MDM4NjIyMztzOjE6ImMiO2k6MTQ2MDM4NjE5ODtzOjE6ImwiO3M6MToiMCI7fX0=',1460386223,200),('b4fc8ba0767e362180aa678307e1e831aa2c5e21','YTo0OntzOjY6Il90b2tlbiI7czo0MDoiRDhZT0x2YjRuQlpoYTIxTzVmTk1PVjdtZU13c2Z2WXp3cDlQMVk4ZCI7czoyMjoiUEhQREVCVUdCQVJfU1RBQ0tfREFUQSI7YTowOnt9czo5OiJfc2YyX21ldGEiO2E6Mzp7czoxOiJ1IjtpOjE0NjA2NTExNzc7czoxOiJjIjtpOjE0NjA2NTExNzc7czoxOiJsIjtzOjE6IjAiO31zOjU6ImZsYXNoIjthOjI6e3M6Mzoib2xkIjthOjA6e31zOjM6Im5ldyI7YTowOnt9fX0=',1460651178,201),('e2217dabd3d67e283b9965f54daba80e89e4106a','YToxMjp7czo2OiJfdG9rZW4iO3M6NDA6ImZac3NoaEpwdmRKNFNZaTNkdllBdEJMejJQeDQxT3JTRmhlQmY5RmMiO3M6MjI6IlBIUERFQlVHQkFSX1NUQUNLX0RBVEEiO2E6MDp7fXM6NToiZmxhc2giO2E6Mjp7czozOiJvbGQiO2E6MDp7fXM6MzoibmV3IjthOjA6e319czozODoibG9naW5fODJlNWQyYzU2YmRkMDgxMTMxOGYwY2YwNzhiNzhiZmMiO2k6MTtzOjY6InVzZXJJZCI7aToxO3M6OToiZmlyc3ROYW1lIjtzOjQ6Inl1dmkiO3M6ODoibGFzdE5hbWUiO3M6NToic2luZ2giO3M6MTA6InByb2ZpbGVQaWMiO047czo0OiJyb2xlIjtpOjE7czo5OiJjaGFubmVsSWQiO2k6MTtzOjY6InR6TmFtZSI7czoxMzoiQXNpYS9DYWxjdXR0YSI7czo5OiJfc2YyX21ldGEiO2E6Mzp7czoxOiJ1IjtpOjE0NjA2NTEzNzM7czoxOiJjIjtpOjE0NjA2NTEyMDg7czoxOiJsIjtzOjE6IjAiO319',1460651373,203),('931ed8cc4acba54c19bc28aa9b0c3bae50631db2','YToxMjp7czo2OiJfdG9rZW4iO3M6NDA6IjdOdTl2eWdKQnlXUlBpdjNWYlBwQW9BMUhSZWNEOXlmSWQzNmtNeVkiO3M6MjI6IlBIUERFQlVHQkFSX1NUQUNLX0RBVEEiO2E6MDp7fXM6NToiZmxhc2giO2E6Mjp7czozOiJvbGQiO2E6MDp7fXM6MzoibmV3IjthOjA6e319czozODoibG9naW5fODJlNWQyYzU2YmRkMDgxMTMxOGYwY2YwNzhiNzhiZmMiO2k6MTtzOjY6InVzZXJJZCI7aToxO3M6OToiZmlyc3ROYW1lIjtzOjQ6Inl1dmkiO3M6ODoibGFzdE5hbWUiO3M6NToic2luZ2giO3M6MTA6InByb2ZpbGVQaWMiO047czo0OiJyb2xlIjtpOjE7czo5OiJjaGFubmVsSWQiO2k6MTtzOjY6InR6TmFtZSI7czoxMzoiQXNpYS9DYWxjdXR0YSI7czo5OiJfc2YyX21ldGEiO2E6Mzp7czoxOiJ1IjtpOjE0NjA4MTg3NjU7czoxOiJjIjtpOjE0NjA4MTcxMDA7czoxOiJsIjtzOjE6IjAiO319',1460818765,205),('a6803ec8d21109ad16b0e7a0a82645f601af1d1e','YToxMjp7czo2OiJfdG9rZW4iO3M6NDA6IlNZMEV5WmlmdVV2UlJLdzdnVEk3SlpuUzZkcFc1aXJGWUJuRkVuRzkiO3M6NToiZmxhc2giO2E6Mjp7czozOiJvbGQiO2E6MDp7fXM6MzoibmV3IjthOjA6e319czo2OiJ1c2VySWQiO2k6MTtzOjk6ImZpcnN0TmFtZSI7czo0OiJ5dXZpIjtzOjg6Imxhc3ROYW1lIjtzOjU6InNpbmdoIjtzOjEwOiJwcm9maWxlUGljIjtOO3M6NDoicm9sZSI7aToxO3M6OToiY2hhbm5lbElkIjtpOjE7czo2OiJ0ek5hbWUiO3M6MTM6IkFzaWEvQ2FsY3V0dGEiO3M6Mzg6ImxvZ2luXzgyZTVkMmM1NmJkZDA4MTEzMThmMGNmMDc4Yjc4YmZjIjtpOjE7czoyMjoiUEhQREVCVUdCQVJfU1RBQ0tfREFUQSI7YTowOnt9czo5OiJfc2YyX21ldGEiO2E6Mzp7czoxOiJ1IjtpOjE0NjA4ODIyOTU7czoxOiJjIjtpOjE0NjA4Nzk1NTc7czoxOiJsIjtzOjE6IjAiO319',1460882295,210),('a0c9c2448186987b532efa5cbca5db6abb40d0a0','YToxMjp7czo2OiJfdG9rZW4iO3M6NDA6IktodDl0RFluS2xNT0pIUnQ1cHdBZTRqS05Fd2xSWnVOclZOM2ptVHoiO3M6NToiZmxhc2giO2E6Mjp7czozOiJvbGQiO2E6MDp7fXM6MzoibmV3IjthOjA6e319czo2OiJ1c2VySWQiO2k6MTtzOjk6ImZpcnN0TmFtZSI7czo0OiJ5dXZpIjtzOjg6Imxhc3ROYW1lIjtzOjU6InNpbmdoIjtzOjEwOiJwcm9maWxlUGljIjtOO3M6NDoicm9sZSI7aToxO3M6OToiY2hhbm5lbElkIjtpOjE7czo2OiJ0ek5hbWUiO3M6MTM6IkFzaWEvQ2FsY3V0dGEiO3M6Mzg6ImxvZ2luXzgyZTVkMmM1NmJkZDA4MTEzMThmMGNmMDc4Yjc4YmZjIjtpOjE7czoyMjoiUEhQREVCVUdCQVJfU1RBQ0tfREFUQSI7YTowOnt9czo5OiJfc2YyX21ldGEiO2E6Mzp7czoxOiJ1IjtpOjE0NjA5MDYwMTk7czoxOiJjIjtpOjE0NjA4NzkyNTY7czoxOiJsIjtzOjE6IjAiO319',1460906020,211),('c59c0266ae978138457bb7493cabef49eac912ea','YTo0OntzOjY6Il90b2tlbiI7czo0MDoidTRxMjRQNzF6cTg1dVN2SFU5eWRkU2ViSWpJMjgxa3ZjNGk0TmxHZCI7czoyMjoiUEhQREVCVUdCQVJfU1RBQ0tfREFUQSI7YTowOnt9czo5OiJfc2YyX21ldGEiO2E6Mzp7czoxOiJ1IjtpOjE0NjA4OTQ3MjI7czoxOiJjIjtpOjE0NjA4OTQ3MjI7czoxOiJsIjtzOjE6IjAiO31zOjU6ImZsYXNoIjthOjI6e3M6Mzoib2xkIjthOjA6e31zOjM6Im5ldyI7YTowOnt9fX0=',1460894723,212),('1af76081057f14250f7110164d3e61aee23b7d6b','YTo0OntzOjY6Il90b2tlbiI7czo0MDoiMEdLT3I1cTRZWmprT1hyYVBRV3J3NjNSbnJYWVZWM2VqUDFyOWJtZyI7czoyMjoiUEhQREVCVUdCQVJfU1RBQ0tfREFUQSI7YTowOnt9czo5OiJfc2YyX21ldGEiO2E6Mzp7czoxOiJ1IjtpOjE0NjA5MDE1MTI7czoxOiJjIjtpOjE0NjA5MDE1MTI7czoxOiJsIjtzOjE6IjAiO31zOjU6ImZsYXNoIjthOjI6e3M6Mzoib2xkIjthOjA6e31zOjM6Im5ldyI7YTowOnt9fX0=',1460901512,213),('979c36a435adc43615c11ad27857e1597c5e6eab','YTo0OntzOjY6Il90b2tlbiI7czo0MDoiTXJFMTA5QTVuSTdZR2FIV0hmOGdKb1c0cmNheUg1Y2gxRDFoRWhlMCI7czoyMjoiUEhQREVCVUdCQVJfU1RBQ0tfREFUQSI7YTowOnt9czo5OiJfc2YyX21ldGEiO2E6Mzp7czoxOiJ1IjtpOjE0NjA5MDQ3OTM7czoxOiJjIjtpOjE0NjA5MDQ3OTM7czoxOiJsIjtzOjE6IjAiO31zOjU6ImZsYXNoIjthOjI6e3M6Mzoib2xkIjthOjA6e31zOjM6Im5ldyI7YTowOnt9fX0=',1460904793,214),('6bd5451027a98d8684829318bdf7d56016e25d6a','YTo0OntzOjY6Il90b2tlbiI7czo0MDoid2U1eXd2QmpTekxVM21FMnBHVmNYUjAwZFVUWkQ1ekJVSEFaVVhpRSI7czoyMjoiUEhQREVCVUdCQVJfU1RBQ0tfREFUQSI7YTowOnt9czo5OiJfc2YyX21ldGEiO2E6Mzp7czoxOiJ1IjtpOjE0NjA5MDUxNDU7czoxOiJjIjtpOjE0NjA5MDUxNDU7czoxOiJsIjtzOjE6IjAiO31zOjU6ImZsYXNoIjthOjI6e3M6Mzoib2xkIjthOjA6e31zOjM6Im5ldyI7YTowOnt9fX0=',1460905145,215),('7c7da3d04b6cebd2bf9aa636c34102d286fff36e','YTo0OntzOjY6Il90b2tlbiI7czo0MDoiVzFKM3hyelhOM3QwR04waGFkdGswRXM2SldjVDlpVUpiSDdBMERtMSI7czoyMjoiUEhQREVCVUdCQVJfU1RBQ0tfREFUQSI7YTowOnt9czo5OiJfc2YyX21ldGEiO2E6Mzp7czoxOiJ1IjtpOjE0NjA5MDg3MzQ7czoxOiJjIjtpOjE0NjA5MDg3MzQ7czoxOiJsIjtzOjE6IjAiO31zOjU6ImZsYXNoIjthOjI6e3M6Mzoib2xkIjthOjA6e31zOjM6Im5ldyI7YTowOnt9fX0=',1460908734,216),('92dac692033b04974676062e4793e39b38567fef','YTo0OntzOjY6Il90b2tlbiI7czo0MDoiY2lob1J3WFNsbUgwT0ozVjJRSHJmb3ZlRW5FVENLQnlhTmMyQ1U2NCI7czoyMjoiUEhQREVCVUdCQVJfU1RBQ0tfREFUQSI7YTowOnt9czo5OiJfc2YyX21ldGEiO2E6Mzp7czoxOiJ1IjtpOjE0NjA5MTIzNDA7czoxOiJjIjtpOjE0NjA5MTIzNDA7czoxOiJsIjtzOjE6IjAiO31zOjU6ImZsYXNoIjthOjI6e3M6Mzoib2xkIjthOjA6e31zOjM6Im5ldyI7YTowOnt9fX0=',1460912340,217),('40809598c6a7630fea3eaaebbfa650f844a5a45d','YTo0OntzOjY6Il90b2tlbiI7czo0MDoiYkQzd1I4UEdTMXFiRnZQSkZTaGRjeVNyaktJWmVXbVdhWjAwUzhtWSI7czoyMjoiUEhQREVCVUdCQVJfU1RBQ0tfREFUQSI7YTowOnt9czo5OiJfc2YyX21ldGEiO2E6Mzp7czoxOiJ1IjtpOjE0NjA5MTM0MTk7czoxOiJjIjtpOjE0NjA5MTM0MTk7czoxOiJsIjtzOjE6IjAiO31zOjU6ImZsYXNoIjthOjI6e3M6Mzoib2xkIjthOjA6e31zOjM6Im5ldyI7YTowOnt9fX0=',1460913421,218),('2998770ff2b93c114ff644392be6611a175f02de','YTo0OntzOjY6Il90b2tlbiI7czo0MDoiOUdxWjZFcXNmQkxlcUtibXRIUnk3Ykg0Q1JkYmpZOUVmNHJBTmtBeiI7czoyMjoiUEhQREVCVUdCQVJfU1RBQ0tfREFUQSI7YTowOnt9czo1OiJmbGFzaCI7YToyOntzOjM6Im9sZCI7YTowOnt9czozOiJuZXciO2E6MDp7fX1zOjk6Il9zZjJfbWV0YSI7YTozOntzOjE6InUiO2k6MTQ2MDkxNDE0MTtzOjE6ImMiO2k6MTQ2MDkxNDE0MDtzOjE6ImwiO3M6MToiMCI7fX0=',1460914141,219),('09d14f17f5a4a3ce32e4bb6517c5ec0bdf2140ae','YTo0OntzOjY6Il90b2tlbiI7czo0MDoiM1pGQTRySmROREwxeHBMU3hZbEVMUzdxakl0OVpvdWg1clFxNHdZbCI7czoyMjoiUEhQREVCVUdCQVJfU1RBQ0tfREFUQSI7YTowOnt9czo5OiJfc2YyX21ldGEiO2E6Mzp7czoxOiJ1IjtpOjE0NjA5NTk1NzE7czoxOiJjIjtpOjE0NjA5NTk1NzE7czoxOiJsIjtzOjE6IjAiO31zOjU6ImZsYXNoIjthOjI6e3M6Mzoib2xkIjthOjA6e31zOjM6Im5ldyI7YTowOnt9fX0=',1460959573,220),('15fb883bb893a7a7d7cb4315505252c908161d6a','YToxMjp7czo2OiJfdG9rZW4iO3M6NDA6IjR0bWd1U3c4TTcxZUhCN1BqWWtCMldsVkFJdTN3VnY1WXlSVGxEb2MiO3M6NToiZmxhc2giO2E6Mjp7czozOiJvbGQiO2E6MDp7fXM6MzoibmV3IjthOjA6e319czozODoibG9naW5fODJlNWQyYzU2YmRkMDgxMTMxOGYwY2YwNzhiNzhiZmMiO2k6MTtzOjY6InVzZXJJZCI7aToxO3M6OToiZmlyc3ROYW1lIjtzOjQ6Inl1dmkiO3M6ODoibGFzdE5hbWUiO3M6NToic2luZ2giO3M6MTA6InByb2ZpbGVQaWMiO047czo0OiJyb2xlIjtpOjE7czo5OiJjaGFubmVsSWQiO2k6MTtzOjY6InR6TmFtZSI7czoxMzoiQXNpYS9DYWxjdXR0YSI7czoyMjoiUEhQREVCVUdCQVJfU1RBQ0tfREFUQSI7YTowOnt9czo5OiJfc2YyX21ldGEiO2E6Mzp7czoxOiJ1IjtpOjE0NjA5ODcyMTg7czoxOiJjIjtpOjE0NjA5NjI0Nzc7czoxOiJsIjtzOjE6IjAiO319',1460987219,222),('bb9f83d58314c911e1731eb38dc43d0537e8fbb4','YTo0OntzOjY6Il90b2tlbiI7czo0MDoiMlA0UmJqZ1BQRjJWd0xZN21ncVlVOTBOTEJCYmp3RHBSV0RXOVo3aSI7czoyMjoiUEhQREVCVUdCQVJfU1RBQ0tfREFUQSI7YTowOnt9czo5OiJfc2YyX21ldGEiO2E6Mzp7czoxOiJ1IjtpOjE0NjA5NzEyMzg7czoxOiJjIjtpOjE0NjA5NzEyMzg7czoxOiJsIjtzOjE6IjAiO31zOjU6ImZsYXNoIjthOjI6e3M6Mzoib2xkIjthOjA6e31zOjM6Im5ldyI7YTowOnt9fX0=',1460971239,223),('ce658e211e5899df1b3f9257bc5da9910d7c2ba9','YTo0OntzOjY6Il90b2tlbiI7czo0MDoialpRMFVobm9zYklWUGdtRlBwZHVjUGlWbTRISzVGYXpXTTVZSlB2MSI7czoyMjoiUEhQREVCVUdCQVJfU1RBQ0tfREFUQSI7YTowOnt9czo5OiJfc2YyX21ldGEiO2E6Mzp7czoxOiJ1IjtpOjE0NjA5NzEzMzA7czoxOiJjIjtpOjE0NjA5NzEzMzA7czoxOiJsIjtzOjE6IjAiO31zOjU6ImZsYXNoIjthOjI6e3M6Mzoib2xkIjthOjA6e31zOjM6Im5ldyI7YTowOnt9fX0=',1460971330,224),('247ac7b5a5564a86e2202a2291140e9154e9fbe4','YTo0OntzOjY6Il90b2tlbiI7czo0MDoic2g5MnRDbzVhcVh5WGhWaDBjVTY2dnc5VjVteVRvNkFIeHptaUQ2UyI7czoyMjoiUEhQREVCVUdCQVJfU1RBQ0tfREFUQSI7YTowOnt9czo5OiJfc2YyX21ldGEiO2E6Mzp7czoxOiJ1IjtpOjE0NjA5ODA3ODA7czoxOiJjIjtpOjE0NjA5ODA3ODA7czoxOiJsIjtzOjE6IjAiO31zOjU6ImZsYXNoIjthOjI6e3M6Mzoib2xkIjthOjA6e31zOjM6Im5ldyI7YTowOnt9fX0=',1460980780,225),('b1c1dbbce90503c91ce50d1362b90ab580366c30','YTo0OntzOjY6Il90b2tlbiI7czo0MDoiOVlncWowWjBIN2pQcmtJM1BlOGl6S2NZeVNicG05SzR5WDQ4Q1pBdSI7czoyMjoiUEhQREVCVUdCQVJfU1RBQ0tfREFUQSI7YTowOnt9czo5OiJfc2YyX21ldGEiO2E6Mzp7czoxOiJ1IjtpOjE0NjA5ODEwNTE7czoxOiJjIjtpOjE0NjA5ODEwNTE7czoxOiJsIjtzOjE6IjAiO31zOjU6ImZsYXNoIjthOjI6e3M6Mzoib2xkIjthOjA6e31zOjM6Im5ldyI7YTowOnt9fX0=',1460981052,226),('34385210086d3a005adf39279be44177c5ff5b88','YTo0OntzOjY6Il90b2tlbiI7czo0MDoiNDdkc0p1dFZoN3dNNmtlOHpleW4xTzkyOEJEYWY3MzBSQnBTbjl0ViI7czoyMjoiUEhQREVCVUdCQVJfU1RBQ0tfREFUQSI7YTowOnt9czo5OiJfc2YyX21ldGEiO2E6Mzp7czoxOiJ1IjtpOjE0NjA5OTU0MTU7czoxOiJjIjtpOjE0NjA5OTU0MTU7czoxOiJsIjtzOjE6IjAiO31zOjU6ImZsYXNoIjthOjI6e3M6Mzoib2xkIjthOjA6e31zOjM6Im5ldyI7YTowOnt9fX0=',1460995416,227),('a48e1acc7a47059a5eaf7cb905ecb3ccceb7b19f','YTo0OntzOjY6Il90b2tlbiI7czo0MDoibG5oNVNIbUZFU3VPNlVxSU5RRG9BbGVRVGsyN0ZzR1ZXOXJYOVlBNyI7czoyMjoiUEhQREVCVUdCQVJfU1RBQ0tfREFUQSI7YTowOnt9czo5OiJfc2YyX21ldGEiO2E6Mzp7czoxOiJ1IjtpOjE0NjA5OTU0MjI7czoxOiJjIjtpOjE0NjA5OTU0MjI7czoxOiJsIjtzOjE6IjAiO31zOjU6ImZsYXNoIjthOjI6e3M6Mzoib2xkIjthOjA6e31zOjM6Im5ldyI7YTowOnt9fX0=',1460995422,228),('2a1c0d34126f322408d937b9c8fdc555f935c222','YTo0OntzOjY6Il90b2tlbiI7czo0MDoiTG5DUXNuTERjSXBQUkR0VDdGR0czelJMRjUwWjEwelV2ZnFnWXVoQyI7czoyMjoiUEhQREVCVUdCQVJfU1RBQ0tfREFUQSI7YTowOnt9czo5OiJfc2YyX21ldGEiO2E6Mzp7czoxOiJ1IjtpOjE0NjEwNTc5ODU7czoxOiJjIjtpOjE0NjEwNTc5ODU7czoxOiJsIjtzOjE6IjAiO31zOjU6ImZsYXNoIjthOjI6e3M6Mzoib2xkIjthOjA6e31zOjM6Im5ldyI7YTowOnt9fX0=',1461057987,229),('740bff9f12aa1c4d56e959ccd842364a985ddb9b','YTo0OntzOjY6Il90b2tlbiI7czo0MDoiajYzdkFTTWJrN1d2b25EUXpMbTRyZGU0c0ZTSFVHTWpGSU1QdUVDNCI7czoyMjoiUEhQREVCVUdCQVJfU1RBQ0tfREFUQSI7YTowOnt9czo5OiJfc2YyX21ldGEiO2E6Mzp7czoxOiJ1IjtpOjE0NjEwNTkwMjA7czoxOiJjIjtpOjE0NjEwNTkwMjA7czoxOiJsIjtzOjE6IjAiO31zOjU6ImZsYXNoIjthOjI6e3M6Mzoib2xkIjthOjA6e31zOjM6Im5ldyI7YTowOnt9fX0=',1461059020,230),('5e35ca3ec3adc8de2855669ce0a9b2e2a152302b','YTo0OntzOjY6Il90b2tlbiI7czo0MDoiazBUY3J3VUZBMkZ4TnZoWEV5aFpNNE1VRWxHQnlKOWN3Z2VTdHF0bSI7czoyMjoiUEhQREVCVUdCQVJfU1RBQ0tfREFUQSI7YTowOnt9czo5OiJfc2YyX21ldGEiO2E6Mzp7czoxOiJ1IjtpOjE0NjEwNTkwMjI7czoxOiJjIjtpOjE0NjEwNTkwMjI7czoxOiJsIjtzOjE6IjAiO31zOjU6ImZsYXNoIjthOjI6e3M6Mzoib2xkIjthOjA6e31zOjM6Im5ldyI7YTowOnt9fX0=',1461059023,231),('c29af14a0d8d53a00e11b47e6692159e13fd248c','YTo0OntzOjY6Il90b2tlbiI7czo0MDoiQjc3QXU2NU5LTDZmRlNMeUpJRWtyQ1p2NEsyZThLNmVWYjJxZDNvSCI7czoyMjoiUEhQREVCVUdCQVJfU1RBQ0tfREFUQSI7YTowOnt9czo5OiJfc2YyX21ldGEiO2E6Mzp7czoxOiJ1IjtpOjE0NjEwNjA1ODA7czoxOiJjIjtpOjE0NjEwNjA1ODA7czoxOiJsIjtzOjE6IjAiO31zOjU6ImZsYXNoIjthOjI6e3M6Mzoib2xkIjthOjA6e31zOjM6Im5ldyI7YTowOnt9fX0=',1461060580,232),('04baf7f5cd9b53669074b0a955805d910d19b47b','YTo0OntzOjY6Il90b2tlbiI7czo0MDoiSXY1NVd4TDBpMGNsSkx2emt1MHVEWVVwOHNZMFk4eTlucWJ4SW15byI7czoyMjoiUEhQREVCVUdCQVJfU1RBQ0tfREFUQSI7YTowOnt9czo5OiJfc2YyX21ldGEiO2E6Mzp7czoxOiJ1IjtpOjE0NjEwNjA1ODM7czoxOiJjIjtpOjE0NjEwNjA1ODM7czoxOiJsIjtzOjE6IjAiO31zOjU6ImZsYXNoIjthOjI6e3M6Mzoib2xkIjthOjA6e31zOjM6Im5ldyI7YTowOnt9fX0=',1461060583,233),('a15b6e13532ed59d755be6c29d101c8605c2c68d','YTo0OntzOjY6Il90b2tlbiI7czo0MDoieVI2S2ZIRW5nRURxMlJuaXdkWkY1WkkwZWpaS0FObmRQQ0QySG9JNyI7czoyMjoiUEhQREVCVUdCQVJfU1RBQ0tfREFUQSI7YTowOnt9czo1OiJmbGFzaCI7YToyOntzOjM6Im9sZCI7YTowOnt9czozOiJuZXciO2E6MDp7fX1zOjk6Il9zZjJfbWV0YSI7YTozOntzOjE6InUiO2k6MTQ2MTA2NTE4ODtzOjE6ImMiO2k6MTQ2MTA2NTE4MztzOjE6ImwiO3M6MToiMCI7fX0=',1461065189,234),('3e4059676a4138567265c181634fe8393f6a2cc7','YTo0OntzOjY6Il90b2tlbiI7czo0MDoiTFZWbnYxZnZ2akpiWDd4RnNxd1ZwNDd6R2xmMGxjZmVIVTZuQnBsYiI7czoyMjoiUEhQREVCVUdCQVJfU1RBQ0tfREFUQSI7YTowOnt9czo1OiJmbGFzaCI7YToyOntzOjM6Im9sZCI7YTowOnt9czozOiJuZXciO2E6MDp7fX1zOjk6Il9zZjJfbWV0YSI7YTozOntzOjE6InUiO2k6MTQ2MTA3MDQwOTtzOjE6ImMiO2k6MTQ2MTA3MDQwNDtzOjE6ImwiO3M6MToiMCI7fX0=',1461070410,235),('87146412a130a21e8c588fdc43abfb753cde3be4','YTo0OntzOjY6Il90b2tlbiI7czo0MDoiSERlU1hPV1hUR3VjYVRFejd3Q0p3YzV2TXJodlpvZUhtc2w5NFhoWSI7czoyMjoiUEhQREVCVUdCQVJfU1RBQ0tfREFUQSI7YTowOnt9czo5OiJfc2YyX21ldGEiO2E6Mzp7czoxOiJ1IjtpOjE0NjE1MDEyMDM7czoxOiJjIjtpOjE0NjE1MDEyMDM7czoxOiJsIjtzOjE6IjAiO31zOjU6ImZsYXNoIjthOjI6e3M6Mzoib2xkIjthOjA6e31zOjM6Im5ldyI7YTowOnt9fX0=',1461501203,237),('81f773ce1dded23ae874bde285d06ca65acdec03','YTo0OntzOjY6Il90b2tlbiI7czo0MDoiVnhla0l0UmsxbTgwMm80QWp2YmYzWlRBWG5YYTJ1YWx4NFNYZXFKTiI7czoyMjoiUEhQREVCVUdCQVJfU1RBQ0tfREFUQSI7YTowOnt9czo5OiJfc2YyX21ldGEiO2E6Mzp7czoxOiJ1IjtpOjE0NjE1MDI3NzI7czoxOiJjIjtpOjE0NjE1MDI3NzI7czoxOiJsIjtzOjE6IjAiO31zOjU6ImZsYXNoIjthOjI6e3M6Mzoib2xkIjthOjA6e31zOjM6Im5ldyI7YTowOnt9fX0=',1461502773,238),('14c1c0246e1466b6f1a51ff7fbee95f602b0c09c','YTo0OntzOjY6Il90b2tlbiI7czo0MDoiVnhwTm9WWmU4TEdqQmZ2QlhKbGtFTUZES3VXZTNjck9WaUtJTTB4YiI7czoyMjoiUEhQREVCVUdCQVJfU1RBQ0tfREFUQSI7YTowOnt9czo5OiJfc2YyX21ldGEiO2E6Mzp7czoxOiJ1IjtpOjE0NjE1MDMyNDY7czoxOiJjIjtpOjE0NjE1MDMyNDY7czoxOiJsIjtzOjE6IjAiO31zOjU6ImZsYXNoIjthOjI6e3M6Mzoib2xkIjthOjA6e31zOjM6Im5ldyI7YTowOnt9fX0=',1461503247,239),('92f286c81b3f29007d51c46ae28ddbdf6bb51584','YToxMjp7czo2OiJfdG9rZW4iO3M6NDA6IkJhOVI0NWJ4Z0Rvc0llV1dVUTJ0RDFrckpVTnM0SWxjajhsa0VGdHYiO3M6NToiZmxhc2giO2E6Mjp7czozOiJvbGQiO2E6MDp7fXM6MzoibmV3IjthOjA6e319czo2OiJ1c2VySWQiO2k6MTtzOjk6ImZpcnN0TmFtZSI7czo0OiJ5dXZpIjtzOjg6Imxhc3ROYW1lIjtzOjU6InNpbmdoIjtzOjEwOiJwcm9maWxlUGljIjtOO3M6NDoicm9sZSI7aToxO3M6OToiY2hhbm5lbElkIjtpOjE7czo2OiJ0ek5hbWUiO3M6MTM6IkFzaWEvQ2FsY3V0dGEiO3M6MjI6IlBIUERFQlVHQkFSX1NUQUNLX0RBVEEiO2E6MDp7fXM6Mzg6ImxvZ2luXzgyZTVkMmM1NmJkZDA4MTEzMThmMGNmMDc4Yjc4YmZjIjtpOjE7czo5OiJfc2YyX21ldGEiO2E6Mzp7czoxOiJ1IjtpOjE0NjE1MTE5Mjg7czoxOiJjIjtpOjE0NjE0OTk5NDA7czoxOiJsIjtzOjE6IjAiO319',1461511930,241),('2d6075bea5b08489c3f06bc121cbf5521a98840e','YTo0OntzOjY6Il90b2tlbiI7czo0MDoibTBIVDJqUEU2dWgyWjJUWkpKakZ2MFd5c2JaeE1ZTDJTZmNtZUVBSyI7czoyMjoiUEhQREVCVUdCQVJfU1RBQ0tfREFUQSI7YTowOnt9czo5OiJfc2YyX21ldGEiO2E6Mzp7czoxOiJ1IjtpOjE0NjE1MTA0ODY7czoxOiJjIjtpOjE0NjE1MTA0ODY7czoxOiJsIjtzOjE6IjAiO31zOjU6ImZsYXNoIjthOjI6e3M6Mzoib2xkIjthOjA6e31zOjM6Im5ldyI7YTowOnt9fX0=',1461510487,242),('dd3430b863a5efe3a4ca8159d4b3a55f92761c9e','YTo0OntzOjY6Il90b2tlbiI7czo0MDoiVGwyVHh0aFFteE12c1QxSzFXTkZsTVdqSXpEZmQ4enlMcGtzdFcweSI7czoyMjoiUEhQREVCVUdCQVJfU1RBQ0tfREFUQSI7YTowOnt9czo5OiJfc2YyX21ldGEiO2E6Mzp7czoxOiJ1IjtpOjE0NjE1MTA5NjA7czoxOiJjIjtpOjE0NjE1MTA5NjA7czoxOiJsIjtzOjE6IjAiO31zOjU6ImZsYXNoIjthOjI6e3M6Mzoib2xkIjthOjA6e31zOjM6Im5ldyI7YTowOnt9fX0=',1461510960,243),('67d6999fad5f102c70b2e766d31a2739864bd0ca','YTo0OntzOjY6Il90b2tlbiI7czo0MDoiZVRQMjZKWWh5cjd0N1BrTEc3R1hPVUNkZDdxQnZGRGVkNTI4S2RqVCI7czoyMjoiUEhQREVCVUdCQVJfU1RBQ0tfREFUQSI7YTowOnt9czo5OiJfc2YyX21ldGEiO2E6Mzp7czoxOiJ1IjtpOjE0NjE1MTA5NjE7czoxOiJjIjtpOjE0NjE1MTA5NjE7czoxOiJsIjtzOjE6IjAiO31zOjU6ImZsYXNoIjthOjI6e3M6Mzoib2xkIjthOjA6e31zOjM6Im5ldyI7YTowOnt9fX0=',1461510962,244),('785619d475348a32fc151049cd3d0bf319a755fe','YTo0OntzOjY6Il90b2tlbiI7czo0MDoiQkd2aEsxSHlWSGxoUFBHRG9MNWFrQ09iMVFtTGd0akgwUTBQNHVEZyI7czoyMjoiUEhQREVCVUdCQVJfU1RBQ0tfREFUQSI7YTowOnt9czo1OiJmbGFzaCI7YToyOntzOjM6Im9sZCI7YTowOnt9czozOiJuZXciO2E6MDp7fX1zOjk6Il9zZjJfbWV0YSI7YTozOntzOjE6InUiO2k6MTQ2MTUxOTM2NDtzOjE6ImMiO2k6MTQ2MTUxMjg4MztzOjE6ImwiO3M6MToiMCI7fX0=',1461519364,245),('94d0f04b1cf527c20c9031513b47589de9965eaf','YTo0OntzOjY6Il90b2tlbiI7czo0MDoiUE1BdFBmMGJYdEMzek1SZDJEcmdNdnRJZkZmUmpIcDNUV1RNMmNLNSI7czoyMjoiUEhQREVCVUdCQVJfU1RBQ0tfREFUQSI7YTowOnt9czo1OiJmbGFzaCI7YToyOntzOjM6Im9sZCI7YTowOnt9czozOiJuZXciO2E6MDp7fX1zOjk6Il9zZjJfbWV0YSI7YTozOntzOjE6InUiO2k6MTQ2MTYwMjA3MjtzOjE6ImMiO2k6MTQ2MTU5NjY5NTtzOjE6ImwiO3M6MToiMCI7fX0=',1461602072,246),('1a986786c3def92738c78295a4ef0e4834bcc4c2','YTo0OntzOjY6Il90b2tlbiI7czo0MDoiNEczR1Qwa2dsTm9CMG94RHZmUWlSVEZqWDJoUGxMdE5DVnZmVUdLViI7czoyMjoiUEhQREVCVUdCQVJfU1RBQ0tfREFUQSI7YTowOnt9czo1OiJmbGFzaCI7YToyOntzOjM6Im9sZCI7YTowOnt9czozOiJuZXciO2E6MDp7fX1zOjk6Il9zZjJfbWV0YSI7YTozOntzOjE6InUiO2k6MTQ2MTU5NzY5OTtzOjE6ImMiO2k6MTQ2MTU5Njc0MztzOjE6ImwiO3M6MToiMCI7fX0=',1461597699,247),('7d8aefa97710aa533d075fcf040f9587845c493f','YTo0OntzOjY6Il90b2tlbiI7czo0MDoiYnY4b2NlSnpxSkN3MzFLQXZzdXdzNEV4V2lyMVgzcmp2SVpsRkZ1aSI7czoyMjoiUEhQREVCVUdCQVJfU1RBQ0tfREFUQSI7YTowOnt9czo1OiJmbGFzaCI7YToyOntzOjM6Im9sZCI7YTowOnt9czozOiJuZXciO2E6MDp7fX1zOjk6Il9zZjJfbWV0YSI7YTozOntzOjE6InUiO2k6MTQ2MTYwMTE3NDtzOjE6ImMiO2k6MTQ2MTYwMTE2OTtzOjE6ImwiO3M6MToiMCI7fX0=',1461601175,248),('fea301b2a4e06634f91f0c915de8d620db570043','YTo0OntzOjY6Il90b2tlbiI7czo0MDoiSHFjMjFOOGR1dXppMk1Pbm8yNURUZTFic2NFeVk0VlVMb0tRMTY5QyI7czoyMjoiUEhQREVCVUdCQVJfU1RBQ0tfREFUQSI7YTowOnt9czo5OiJfc2YyX21ldGEiO2E6Mzp7czoxOiJ1IjtpOjE0NjE2MDE4MDE7czoxOiJjIjtpOjE0NjE2MDE4MDE7czoxOiJsIjtzOjE6IjAiO31zOjU6ImZsYXNoIjthOjI6e3M6Mzoib2xkIjthOjA6e31zOjM6Im5ldyI7YTowOnt9fX0=',1461601801,249),('4b4f81d0dc203dd718a126d11c8ba837ca10cf97','YTo0OntzOjY6Il90b2tlbiI7czo0MDoiVHBWbGRtMlhaaGNhVmp2cm1oZlNUVkNZcXRtcms4YlQ1b0c2RDNNQyI7czoyMjoiUEhQREVCVUdCQVJfU1RBQ0tfREFUQSI7YTowOnt9czo5OiJfc2YyX21ldGEiO2E6Mzp7czoxOiJ1IjtpOjE0NjE2MDE4MDI7czoxOiJjIjtpOjE0NjE2MDE4MDI7czoxOiJsIjtzOjE6IjAiO31zOjU6ImZsYXNoIjthOjI6e3M6Mzoib2xkIjthOjA6e31zOjM6Im5ldyI7YTowOnt9fX0=',1461601803,250),('78068db32f84037cda3e8e84ad52a2ba2098014b','YToxMjp7czo2OiJfdG9rZW4iO3M6NDA6Inlnb3BnZ3B6S29yeFl6UTdpbDRPZzIzMW9NZmtmNGN5alNOSHFuWTUiO3M6NToiZmxhc2giO2E6Mjp7czozOiJvbGQiO2E6MDp7fXM6MzoibmV3IjthOjA6e319czozODoibG9naW5fODJlNWQyYzU2YmRkMDgxMTMxOGYwY2YwNzhiNzhiZmMiO2k6MTtzOjY6InVzZXJJZCI7aToxO3M6OToiZmlyc3ROYW1lIjtzOjQ6Inl1dmkiO3M6ODoibGFzdE5hbWUiO3M6NToic2luZ2giO3M6MTA6InByb2ZpbGVQaWMiO047czo0OiJyb2xlIjtpOjE7czo5OiJjaGFubmVsSWQiO2k6MTtzOjIyOiJQSFBERUJVR0JBUl9TVEFDS19EQVRBIjthOjA6e31zOjY6InR6TmFtZSI7czoxMzoiQXNpYS9DYWxjdXR0YSI7czo5OiJfc2YyX21ldGEiO2E6Mzp7czoxOiJ1IjtpOjE0NjE2ODI4NDU7czoxOiJjIjtpOjE0NjE2ODIzMjk7czoxOiJsIjtzOjE6IjAiO319',1461682845,252),('1d4c94f7616f31e22e8307a13feb092637a123e9','YToxMjp7czo2OiJfdG9rZW4iO3M6NDA6IjJ1WXRZQkFiS0pXaWd6WjNpSXVhTm5mR0oxNzNJTTVhNDJQblM4Vk8iO3M6NToiZmxhc2giO2E6Mjp7czozOiJvbGQiO2E6MDp7fXM6MzoibmV3IjthOjA6e319czozODoibG9naW5fODJlNWQyYzU2YmRkMDgxMTMxOGYwY2YwNzhiNzhiZmMiO2k6MTtzOjY6InVzZXJJZCI7aToxO3M6OToiZmlyc3ROYW1lIjtzOjQ6Inl1dmkiO3M6ODoibGFzdE5hbWUiO3M6NToic2luZ2giO3M6MTA6InByb2ZpbGVQaWMiO047czo0OiJyb2xlIjtpOjE7czo5OiJjaGFubmVsSWQiO2k6MTtzOjY6InR6TmFtZSI7czoxMzoiQXNpYS9DYWxjdXR0YSI7czoyMjoiUEhQREVCVUdCQVJfU1RBQ0tfREFUQSI7YTowOnt9czo5OiJfc2YyX21ldGEiO2E6Mzp7czoxOiJ1IjtpOjE0NjE3NzY4MjY7czoxOiJjIjtpOjE0NjE3NzMwMDQ7czoxOiJsIjtzOjE6IjAiO319',1461776827,254),('6b35cced16c2a42e1e79efc5ae34418328887317','YTo0OntzOjY6Il90b2tlbiI7czo0MDoidThUbTJKRDBwQjhYM3FmMG1vZmViV3hkZkF0bjZEemlvZTVSRWIzaiI7czoyMjoiUEhQREVCVUdCQVJfU1RBQ0tfREFUQSI7YTowOnt9czo5OiJfc2YyX21ldGEiO2E6Mzp7czoxOiJ1IjtpOjE0NjE3NzQ2MTk7czoxOiJjIjtpOjE0NjE3NzQ2MTk7czoxOiJsIjtzOjE6IjAiO31zOjU6ImZsYXNoIjthOjI6e3M6Mzoib2xkIjthOjA6e31zOjM6Im5ldyI7YTowOnt9fX0=',1461774619,255),('622d5410389c0322fb245c0835b1bbdbe6bb95e1','YTo0OntzOjY6Il90b2tlbiI7czo0MDoiVk9NdHpqSkVDWUJKUVliTXEwV3JVb1hSNFhCUG5xNHRieUFuWFFyTyI7czoyMjoiUEhQREVCVUdCQVJfU1RBQ0tfREFUQSI7YTowOnt9czo5OiJfc2YyX21ldGEiO2E6Mzp7czoxOiJ1IjtpOjE0NjE3NzQ2MjE7czoxOiJjIjtpOjE0NjE3NzQ2MjE7czoxOiJsIjtzOjE6IjAiO31zOjU6ImZsYXNoIjthOjI6e3M6Mzoib2xkIjthOjA6e31zOjM6Im5ldyI7YTowOnt9fX0=',1461774622,256),('38b9256ec4bc150abd9b63b0c64b1e69ddb95275','YTo0OntzOjY6Il90b2tlbiI7czo0MDoiSGlzUVBqRkJockF3SzdhcjBVSFFHRlZHVFFxejlQWHdPWDFKWVhNaCI7czoyMjoiUEhQREVCVUdCQVJfU1RBQ0tfREFUQSI7YTowOnt9czo5OiJfc2YyX21ldGEiO2E6Mzp7czoxOiJ1IjtpOjE0NjE3NzQ4MTQ7czoxOiJjIjtpOjE0NjE3NzQ4MTQ7czoxOiJsIjtzOjE6IjAiO31zOjU6ImZsYXNoIjthOjI6e3M6Mzoib2xkIjthOjA6e31zOjM6Im5ldyI7YTowOnt9fX0=',1461774814,257),('221e56faa35fd2f562302b132d3da6a053750389','YTo0OntzOjY6Il90b2tlbiI7czo0MDoiMUhRZXA3RmFpWG5RTUh2MmN0dXh6U0lUVUs3R1hZVUNHNnk2Umh1eiI7czoyMjoiUEhQREVCVUdCQVJfU1RBQ0tfREFUQSI7YTowOnt9czo5OiJfc2YyX21ldGEiO2E6Mzp7czoxOiJ1IjtpOjE0NjE3NzU3MzI7czoxOiJjIjtpOjE0NjE3NzU3MzI7czoxOiJsIjtzOjE6IjAiO31zOjU6ImZsYXNoIjthOjI6e3M6Mzoib2xkIjthOjA6e31zOjM6Im5ldyI7YTowOnt9fX0=',1461775732,258),('0e02bd6031bb8701654f90d3808dff2d35445e88','YTo0OntzOjY6Il90b2tlbiI7czo0MDoiOFFqVlVFNDR1S1k2T3c5YW94RUwwODJaRlJ5d0VWVklnRDNYSVVLYyI7czoyMjoiUEhQREVCVUdCQVJfU1RBQ0tfREFUQSI7YTowOnt9czo5OiJfc2YyX21ldGEiO2E6Mzp7czoxOiJ1IjtpOjE0NjE3NzU3MzQ7czoxOiJjIjtpOjE0NjE3NzU3MzQ7czoxOiJsIjtzOjE6IjAiO31zOjU6ImZsYXNoIjthOjI6e3M6Mzoib2xkIjthOjA6e31zOjM6Im5ldyI7YTowOnt9fX0=',1461775734,259),('fa609515a65d304b207d5deda109176e7380ab72','YToxMjp7czo2OiJfdG9rZW4iO3M6NDA6ImJjb0NJSjM2SWF3SnBPaHo5Y0Zqak50eXJkR1ZHbXQ2ZEIzajVxRjciO3M6MjI6IlBIUERFQlVHQkFSX1NUQUNLX0RBVEEiO2E6MDp7fXM6NToiZmxhc2giO2E6Mjp7czozOiJvbGQiO2E6MDp7fXM6MzoibmV3IjthOjA6e319czozODoibG9naW5fODJlNWQyYzU2YmRkMDgxMTMxOGYwY2YwNzhiNzhiZmMiO2k6MTtzOjY6InVzZXJJZCI7aToxO3M6OToiZmlyc3ROYW1lIjtzOjQ6Inl1dmkiO3M6ODoibGFzdE5hbWUiO3M6NToic2luZ2giO3M6MTA6InByb2ZpbGVQaWMiO047czo0OiJyb2xlIjtpOjE7czo5OiJjaGFubmVsSWQiO2k6MTtzOjY6InR6TmFtZSI7czoxMjoiQXNpYS9Lb2xrYXRhIjtzOjk6Il9zZjJfbWV0YSI7YTozOntzOjE6InUiO2k6MTQ2MTc3NjEwNTtzOjE6ImMiO2k6MTQ2MTc3NjAyOTtzOjE6ImwiO3M6MToiMCI7fX0=',1461776106,261),('f1e00652ea2f407db30b88e7b3b77d320243abf2','YTo0OntzOjY6Il90b2tlbiI7czo0MDoiWTgwRWs2WEhmNlZqQW96Nkc1TElDck5ZYk9aMFdPUTFDZ2ZWNXNxdyI7czoyMjoiUEhQREVCVUdCQVJfU1RBQ0tfREFUQSI7YTowOnt9czo1OiJmbGFzaCI7YToyOntzOjM6Im9sZCI7YTowOnt9czozOiJuZXciO2E6MDp7fX1zOjk6Il9zZjJfbWV0YSI7YTozOntzOjE6InUiO2k6MTQ2MTc3NjA4MztzOjE6ImMiO2k6MTQ2MTc3NjA3NztzOjE6ImwiO3M6MToiMCI7fX0=',1461776084,262),('971d9359e0ff7486c4c7e8d52c1694e1c93af68f','YTo0OntzOjY6Il90b2tlbiI7czo0MDoidlk2U1FvdWZZbExhcE5TZjBqZEswY0gyRVRuTXNCcVNIMnE2YjgzeiI7czoyMjoiUEhQREVCVUdCQVJfU1RBQ0tfREFUQSI7YTowOnt9czo5OiJfc2YyX21ldGEiO2E6Mzp7czoxOiJ1IjtpOjE0NjE4NTUxMTA7czoxOiJjIjtpOjE0NjE4NTUxMTA7czoxOiJsIjtzOjE6IjAiO31zOjU6ImZsYXNoIjthOjI6e3M6Mzoib2xkIjthOjA6e31zOjM6Im5ldyI7YTowOnt9fX0=',1461855115,264),('bb1663c785d7e6bbf29252c163c88c2a180d15c0','YTo0OntzOjY6Il90b2tlbiI7czo0MDoiQTVRbTNTTWlLdGhtUk1XcENvT1dxaVoxM0RKSm9MQlBUOWlaeFViViI7czoyMjoiUEhQREVCVUdCQVJfU1RBQ0tfREFUQSI7YTowOnt9czo5OiJfc2YyX21ldGEiO2E6Mzp7czoxOiJ1IjtpOjE0NjE4NTUxMTg7czoxOiJjIjtpOjE0NjE4NTUxMTg7czoxOiJsIjtzOjE6IjAiO31zOjU6ImZsYXNoIjthOjI6e3M6Mzoib2xkIjthOjA6e31zOjM6Im5ldyI7YTowOnt9fX0=',1461855118,265),('fd53101fc4cfae28d1615271411b2e810e8a3fed','YToxMjp7czo2OiJfdG9rZW4iO3M6NDA6IjNkUnJWVkZLM0RMVFN6clo0NnR6SGpZUTVha2tsTHVHREc4U2ZDc0QiO3M6MjI6IlBIUERFQlVHQkFSX1NUQUNLX0RBVEEiO2E6MDp7fXM6NToiZmxhc2giO2E6Mjp7czozOiJvbGQiO2E6MDp7fXM6MzoibmV3IjthOjA6e319czozODoibG9naW5fODJlNWQyYzU2YmRkMDgxMTMxOGYwY2YwNzhiNzhiZmMiO2k6MTtzOjY6InVzZXJJZCI7aToxO3M6OToiZmlyc3ROYW1lIjtzOjQ6Inl1dmkiO3M6ODoibGFzdE5hbWUiO3M6NToic2luZ2giO3M6MTA6InByb2ZpbGVQaWMiO047czo0OiJyb2xlIjtpOjE7czo5OiJjaGFubmVsSWQiO2k6MTtzOjY6InR6TmFtZSI7czoxMzoiQXNpYS9DYWxjdXR0YSI7czo5OiJfc2YyX21ldGEiO2E6Mzp7czoxOiJ1IjtpOjE0NjE4NjExNTU7czoxOiJjIjtpOjE0NjE4NTMzNzA7czoxOiJsIjtzOjE6IjAiO319',1461861157,266),('da9e4149bcc044a9b858129d46cd4ca291412444','YTo0OntzOjY6Il90b2tlbiI7czo0MDoib0x2Q05ZOTBHbW9WVzVONWoyNzVBMVZwZ01ZNnVoMXlwbWM1TUdjSCI7czoyMjoiUEhQREVCVUdCQVJfU1RBQ0tfREFUQSI7YTowOnt9czo5OiJfc2YyX21ldGEiO2E6Mzp7czoxOiJ1IjtpOjE0NjE5NDM3MTA7czoxOiJjIjtpOjE0NjE5NDM3MTA7czoxOiJsIjtzOjE6IjAiO31zOjU6ImZsYXNoIjthOjI6e3M6Mzoib2xkIjthOjA6e31zOjM6Im5ldyI7YTowOnt9fX0=',1461943710,267),('51be18df9e365f45564ef192707dd67f96614aa8','YTo0OntzOjY6Il90b2tlbiI7czo0MDoieWNuU25yZFBCT0lYbXdWODhtbVg3TjExNVZKT2xvNUV4Z3V2cUtJeiI7czoyMjoiUEhQREVCVUdCQVJfU1RBQ0tfREFUQSI7YTowOnt9czo5OiJfc2YyX21ldGEiO2E6Mzp7czoxOiJ1IjtpOjE0NjE5NDU4ODg7czoxOiJjIjtpOjE0NjE5NDU4ODg7czoxOiJsIjtzOjE6IjAiO31zOjU6ImZsYXNoIjthOjI6e3M6Mzoib2xkIjthOjA6e31zOjM6Im5ldyI7YTowOnt9fX0=',1461945890,268),('44b0cac26ccb60bb83cef5e96221f028ae38997d','YTo0OntzOjY6Il90b2tlbiI7czo0MDoiWEpzdW93MXY0eU5haFkyZVE2cEx3aDlQeEIzNktNN1l0cEJlVnJrQSI7czoyMjoiUEhQREVCVUdCQVJfU1RBQ0tfREFUQSI7YTowOnt9czo5OiJfc2YyX21ldGEiO2E6Mzp7czoxOiJ1IjtpOjE0NjE5NDYwMjA7czoxOiJjIjtpOjE0NjE5NDYwMjA7czoxOiJsIjtzOjE6IjAiO31zOjU6ImZsYXNoIjthOjI6e3M6Mzoib2xkIjthOjA6e31zOjM6Im5ldyI7YTowOnt9fX0=',1461946021,269),('89b98e94c67999d57c47b378f4cb53d3a131e39a','YTo0OntzOjY6Il90b2tlbiI7czo0MDoiUVhHbUJ2M3dMUHozSzNYNDJ3VlB5QU5sR2FxRXRVM0tZd3hhMGtqbCI7czoyMjoiUEhQREVCVUdCQVJfU1RBQ0tfREFUQSI7YTowOnt9czo5OiJfc2YyX21ldGEiO2E6Mzp7czoxOiJ1IjtpOjE0NjE5NTAyMzU7czoxOiJjIjtpOjE0NjE5NTAyMzU7czoxOiJsIjtzOjE6IjAiO31zOjU6ImZsYXNoIjthOjI6e3M6Mzoib2xkIjthOjA6e31zOjM6Im5ldyI7YTowOnt9fX0=',1461950235,270),('7af17ef693d84828624b092e9499eb68c66511f4','YTo0OntzOjY6Il90b2tlbiI7czo0MDoib016NjlrV1JJNlRTbld0VVI4U05DZ2loemdYTktzaHI3cExvT3VadiI7czoyMjoiUEhQREVCVUdCQVJfU1RBQ0tfREFUQSI7YTowOnt9czo1OiJmbGFzaCI7YToyOntzOjM6Im9sZCI7YTowOnt9czozOiJuZXciO2E6MDp7fX1zOjk6Il9zZjJfbWV0YSI7YTozOntzOjE6InUiO2k6MTQ2MTk1MDYzNztzOjE6ImMiO2k6MTQ2MTk1MDYzNDtzOjE6ImwiO3M6MToiMCI7fX0=',1461950637,271),('d56653f72d8e8bb4a14ca1d0f8b8a4f2b4d66b1f','YTo0OntzOjY6Il90b2tlbiI7czo0MDoibHB1TnE0bllPSXc5b0VPSEtlR0o2aGdpWXVkMEVOa0hGSWp4MUJVOSI7czoyMjoiUEhQREVCVUdCQVJfU1RBQ0tfREFUQSI7YTowOnt9czo5OiJfc2YyX21ldGEiO2E6Mzp7czoxOiJ1IjtpOjE0NjE5ODk0MTg7czoxOiJjIjtpOjE0NjE5ODk0MTg7czoxOiJsIjtzOjE6IjAiO31zOjU6ImZsYXNoIjthOjI6e3M6Mzoib2xkIjthOjA6e31zOjM6Im5ldyI7YTowOnt9fX0=',1461989420,272),('ae3efd4ee71f6a00544eb53e83923c014a0c65c7','YTo0OntzOjY6Il90b2tlbiI7czo0MDoibVVjU1d3UDNVYjBnbkxScGFTWko0em5XY1RNTHoxbmx1cmw2MGpUbyI7czoyMjoiUEhQREVCVUdCQVJfU1RBQ0tfREFUQSI7YTowOnt9czo5OiJfc2YyX21ldGEiO2E6Mzp7czoxOiJ1IjtpOjE0NjE5OTM5NDQ7czoxOiJjIjtpOjE0NjE5OTM5NDQ7czoxOiJsIjtzOjE6IjAiO31zOjU6ImZsYXNoIjthOjI6e3M6Mzoib2xkIjthOjA6e31zOjM6Im5ldyI7YTowOnt9fX0=',1461993944,273),('9456298488ee62364a22be7979109e48975061d7','YTo0OntzOjY6Il90b2tlbiI7czo0MDoiRUdqSE1uVlRaMWNCRkc2bERBYlJaVWlsM25BVUJwN0NQbzRUV2o2cCI7czoyMjoiUEhQREVCVUdCQVJfU1RBQ0tfREFUQSI7YTowOnt9czo5OiJfc2YyX21ldGEiO2E6Mzp7czoxOiJ1IjtpOjE0NjE5OTQxMjc7czoxOiJjIjtpOjE0NjE5OTQxMjc7czoxOiJsIjtzOjE6IjAiO31zOjU6ImZsYXNoIjthOjI6e3M6Mzoib2xkIjthOjA6e31zOjM6Im5ldyI7YTowOnt9fX0=',1461994128,274),('1b07839d671956f7a6c3aed53581b3412a6e6e8a','YTo0OntzOjY6Il90b2tlbiI7czo0MDoidnhUREp4TUZLMVdrdFBMU2Fud25aZXVmTm5KcHB6Tm5NcWNzQWJrSCI7czoyMjoiUEhQREVCVUdCQVJfU1RBQ0tfREFUQSI7YTowOnt9czo5OiJfc2YyX21ldGEiO2E6Mzp7czoxOiJ1IjtpOjE0NjE5OTQxMzE7czoxOiJjIjtpOjE0NjE5OTQxMzE7czoxOiJsIjtzOjE6IjAiO31zOjU6ImZsYXNoIjthOjI6e3M6Mzoib2xkIjthOjA6e31zOjM6Im5ldyI7YTowOnt9fX0=',1461994131,275),('37ac31bc0e524731a21527b64dab3f44b8bb1a9f','YTo0OntzOjY6Il90b2tlbiI7czo0MDoidG5neUFKVXRoNGZiZUtrTEh6eEYyT3NaMTRMUFdlRDBTSEw2ZzZzbiI7czoyMjoiUEhQREVCVUdCQVJfU1RBQ0tfREFUQSI7YTowOnt9czo5OiJfc2YyX21ldGEiO2E6Mzp7czoxOiJ1IjtpOjE0NjE5OTg0MzA7czoxOiJjIjtpOjE0NjE5OTg0MzA7czoxOiJsIjtzOjE6IjAiO31zOjU6ImZsYXNoIjthOjI6e3M6Mzoib2xkIjthOjA6e31zOjM6Im5ldyI7YTowOnt9fX0=',1461998430,276),('d2379296f7c24503a6d3e8bee91770b0c0b9de3a','YTo0OntzOjY6Il90b2tlbiI7czo0MDoiY0M5VjlJRGl2MzFHNlRCWmhUVHBwRHpoSGhiaWtJSURjM2J0elpkVCI7czoyMjoiUEhQREVCVUdCQVJfU1RBQ0tfREFUQSI7YTowOnt9czo5OiJfc2YyX21ldGEiO2E6Mzp7czoxOiJ1IjtpOjE0NjIwMDA0NDA7czoxOiJjIjtpOjE0NjIwMDA0NDA7czoxOiJsIjtzOjE6IjAiO31zOjU6ImZsYXNoIjthOjI6e3M6Mzoib2xkIjthOjA6e31zOjM6Im5ldyI7YTowOnt9fX0=',1462000441,277),('f0a9d6c5ae2fc07a14d57557208bb8619deed5c2','YTo0OntzOjY6Il90b2tlbiI7czo0MDoidWVqSnE1QURKdEhNNGxGeGhLYnF2YVdESm1wdlBFNmFuY21PUXJIMyI7czoyMjoiUEhQREVCVUdCQVJfU1RBQ0tfREFUQSI7YTowOnt9czo5OiJfc2YyX21ldGEiO2E6Mzp7czoxOiJ1IjtpOjE0NjIwMDA0NDI7czoxOiJjIjtpOjE0NjIwMDA0NDI7czoxOiJsIjtzOjE6IjAiO31zOjU6ImZsYXNoIjthOjI6e3M6Mzoib2xkIjthOjA6e31zOjM6Im5ldyI7YTowOnt9fX0=',1462000442,278),('6c5841e61ed15fd3ec77e29c96ed28586940e80f','YTo0OntzOjY6Il90b2tlbiI7czo0MDoiSGptbXNneDBCOU9iQk9mb2Ryd0F3ZnNCRUdlM09IRThOd01QSkFWTyI7czoyMjoiUEhQREVCVUdCQVJfU1RBQ0tfREFUQSI7YTowOnt9czo5OiJfc2YyX21ldGEiO2E6Mzp7czoxOiJ1IjtpOjE0NjIwMDA2MDc7czoxOiJjIjtpOjE0NjIwMDA2MDc7czoxOiJsIjtzOjE6IjAiO31zOjU6ImZsYXNoIjthOjI6e3M6Mzoib2xkIjthOjA6e31zOjM6Im5ldyI7YTowOnt9fX0=',1462000608,279),('e68bb539ba53f8bd32ee3656652a28a6e75744a5','YTo0OntzOjY6Il90b2tlbiI7czo0MDoib01nQ1NQYVA4SUNsRVZDVFVDS3FDdWlBZzhCb25WaHI2RlhjWUpYcCI7czoyMjoiUEhQREVCVUdCQVJfU1RBQ0tfREFUQSI7YTowOnt9czo5OiJfc2YyX21ldGEiO2E6Mzp7czoxOiJ1IjtpOjE0NjIwMDE5OTc7czoxOiJjIjtpOjE0NjIwMDE5OTc7czoxOiJsIjtzOjE6IjAiO31zOjU6ImZsYXNoIjthOjI6e3M6Mzoib2xkIjthOjA6e31zOjM6Im5ldyI7YTowOnt9fX0=',1462001998,280),('b6bfdcee74b8f0a4bf1217d421176d85e1d2549f','YTo0OntzOjY6Il90b2tlbiI7czo0MDoiOU0yVTBKNXQ3VkU0a3dXQXowSFNUVW1FZEt0bWY1NVA5SXhEb2REeCI7czoyMjoiUEhQREVCVUdCQVJfU1RBQ0tfREFUQSI7YTowOnt9czo5OiJfc2YyX21ldGEiO2E6Mzp7czoxOiJ1IjtpOjE0NjIwMDE5OTk7czoxOiJjIjtpOjE0NjIwMDE5OTk7czoxOiJsIjtzOjE6IjAiO31zOjU6ImZsYXNoIjthOjI6e3M6Mzoib2xkIjthOjA6e31zOjM6Im5ldyI7YTowOnt9fX0=',1462001999,281),('4443e15040c551a3a02b78dc68e5f938d47756ad','YTo0OntzOjY6Il90b2tlbiI7czo0MDoiY0ZBRHcyTHByZWZDUnZoZlFLaTJqdkpCSEd0WWpwVUZPbVcwUFRhbSI7czoyMjoiUEhQREVCVUdCQVJfU1RBQ0tfREFUQSI7YTowOnt9czo1OiJmbGFzaCI7YToyOntzOjM6Im9sZCI7YTowOnt9czozOiJuZXciO2E6MDp7fX1zOjk6Il9zZjJfbWV0YSI7YTozOntzOjE6InUiO2k6MTQ2MjAyNDU5MztzOjE6ImMiO2k6MTQ2MjAyNDU5MDtzOjE6ImwiO3M6MToiMCI7fX0=',1462024593,282),('bfc581037be34e849c9af77077c47169c7d13877','YTo0OntzOjY6Il90b2tlbiI7czo0MDoiSkNVWW1oR29XY3dFelhwR2NIZnpFVHRKSmFOYTZOTnhsQm1PNDJIOCI7czoyMjoiUEhQREVCVUdCQVJfU1RBQ0tfREFUQSI7YTowOnt9czo1OiJmbGFzaCI7YToyOntzOjM6Im9sZCI7YTowOnt9czozOiJuZXciO2E6MDp7fX1zOjk6Il9zZjJfbWV0YSI7YTozOntzOjE6InUiO2k6MTQ2MjAyNjYyNjtzOjE6ImMiO2k6MTQ2MjAyNjYxODtzOjE6ImwiO3M6MToiMCI7fX0=',1462026626,283),('5ae6b261023fe2afabbba98884716a169d5e4aa2','YTo0OntzOjY6Il90b2tlbiI7czo0MDoiVEZXY1Vlcm1IMmU1WlBQRUhIcjc2M2ZEOW44emgwenBNVEM4eGVZZiI7czoyMjoiUEhQREVCVUdCQVJfU1RBQ0tfREFUQSI7YTowOnt9czo5OiJfc2YyX21ldGEiO2E6Mzp7czoxOiJ1IjtpOjE0NjIxMDQ3OTg7czoxOiJjIjtpOjE0NjIxMDQ3OTg7czoxOiJsIjtzOjE6IjAiO31zOjU6ImZsYXNoIjthOjI6e3M6Mzoib2xkIjthOjA6e31zOjM6Im5ldyI7YTowOnt9fX0=',1462104802,284),('17aff7b1040f7dc47bde418d21780d29e82def25','YToxMjp7czo2OiJfdG9rZW4iO3M6NDA6Ijk5aTkydzRJaWR3N0hnblRVWTdjMjZhVDdBcGxIb3VRd1E5WW9BUkoiO3M6MjI6IlBIUERFQlVHQkFSX1NUQUNLX0RBVEEiO2E6MDp7fXM6NToiZmxhc2giO2E6Mjp7czozOiJvbGQiO2E6MDp7fXM6MzoibmV3IjthOjA6e319czozODoibG9naW5fODJlNWQyYzU2YmRkMDgxMTMxOGYwY2YwNzhiNzhiZmMiO2k6MTtzOjY6InVzZXJJZCI7aToxO3M6OToiZmlyc3ROYW1lIjtzOjQ6Inl1dmkiO3M6ODoibGFzdE5hbWUiO3M6NToic2luZ2giO3M6MTA6InByb2ZpbGVQaWMiO047czo0OiJyb2xlIjtpOjE7czo5OiJjaGFubmVsSWQiO2k6MTtzOjY6InR6TmFtZSI7czoxMzoiQXNpYS9DYWxjdXR0YSI7czo5OiJfc2YyX21ldGEiO2E6Mzp7czoxOiJ1IjtpOjE0NjIxMjE5OTc7czoxOiJjIjtpOjE0NjIxMTI3OTg7czoxOiJsIjtzOjE6IjAiO319',1462121997,286),('5e41039ffa0679082782ff4ff1c4d73a867f6f3d','YTo0OntzOjY6Il90b2tlbiI7czo0MDoib1JMbW5mRkVwUnJuV1FpcWRPdWcwWjdSeThuUGljMlM5Z0ltN2FVSyI7czoyMjoiUEhQREVCVUdCQVJfU1RBQ0tfREFUQSI7YTowOnt9czo5OiJfc2YyX21ldGEiO2E6Mzp7czoxOiJ1IjtpOjE0NjIxMTY3NjY7czoxOiJjIjtpOjE0NjIxMTY3NjY7czoxOiJsIjtzOjE6IjAiO31zOjU6ImZsYXNoIjthOjI6e3M6Mzoib2xkIjthOjA6e31zOjM6Im5ldyI7YTowOnt9fX0=',1462116767,287),('d3cda56a0f812da689c59d2a7f1ff150e0c75419','YTo0OntzOjY6Il90b2tlbiI7czo0MDoiVXhMdXEyVFMxR2hkb0x4Ylc4eGVnUGpjSnQwN2l6YXQ1U0s1YW0ybSI7czoyMjoiUEhQREVCVUdCQVJfU1RBQ0tfREFUQSI7YTowOnt9czo5OiJfc2YyX21ldGEiO2E6Mzp7czoxOiJ1IjtpOjE0NjIyMDM5Mzc7czoxOiJjIjtpOjE0NjIyMDM5Mzc7czoxOiJsIjtzOjE6IjAiO31zOjU6ImZsYXNoIjthOjI6e3M6Mzoib2xkIjthOjA6e31zOjM6Im5ldyI7YTowOnt9fX0=',1462203939,288),('3313466922eac0cdd4566e61bf5da7af360d8af6','YTo0OntzOjY6Il90b2tlbiI7czo0MDoiRE1jcDFsUzVzaVZFcVRnSTZ6N0hpenE2blB2UmFRSDdORVdtbXhJNSI7czoyMjoiUEhQREVCVUdCQVJfU1RBQ0tfREFUQSI7YTowOnt9czo5OiJfc2YyX21ldGEiO2E6Mzp7czoxOiJ1IjtpOjE0NjIyODYzOTc7czoxOiJjIjtpOjE0NjIyODYzOTc7czoxOiJsIjtzOjE6IjAiO31zOjU6ImZsYXNoIjthOjI6e3M6Mzoib2xkIjthOjA6e31zOjM6Im5ldyI7YTowOnt9fX0=',1462286397,289),('b2926eef9238220dc748e54231cea3bc64f356c1','YToxMjp7czo2OiJfdG9rZW4iO3M6NDA6IlRKcXBQa1ZUOFRrOXhKU2lzUzZ0Vkx4QVFNMWtmOHc3WG9LdzlOR2QiO3M6MjI6IlBIUERFQlVHQkFSX1NUQUNLX0RBVEEiO2E6MDp7fXM6NToiZmxhc2giO2E6Mjp7czozOiJvbGQiO2E6MDp7fXM6MzoibmV3IjthOjA6e319czozODoibG9naW5fODJlNWQyYzU2YmRkMDgxMTMxOGYwY2YwNzhiNzhiZmMiO2k6MTtzOjY6InVzZXJJZCI7aToxO3M6OToiZmlyc3ROYW1lIjtzOjQ6Inl1dmkiO3M6ODoibGFzdE5hbWUiO3M6NToic2luZ2giO3M6MTA6InByb2ZpbGVQaWMiO047czo0OiJyb2xlIjtpOjE7czo5OiJjaGFubmVsSWQiO2k6MTtzOjY6InR6TmFtZSI7czoxMzoiQXNpYS9DYWxjdXR0YSI7czo5OiJfc2YyX21ldGEiO2E6Mzp7czoxOiJ1IjtpOjE0NjI2OTI1Mzc7czoxOiJjIjtpOjE0NjI2OTE4MDM7czoxOiJsIjtzOjE6IjAiO319',1462692537,291),('90686ce0718366556483a219cfcce12425137761','YToxMjp7czo2OiJfdG9rZW4iO3M6NDA6Ikp5MWFkNTFvekRPMmVOUEJIZE9IUjNmOURrSGNXdzQ4cVZJVkV1Q3UiO3M6MjI6IlBIUERFQlVHQkFSX1NUQUNLX0RBVEEiO2E6MDp7fXM6NToiZmxhc2giO2E6Mjp7czozOiJvbGQiO2E6MDp7fXM6MzoibmV3IjthOjA6e319czozODoibG9naW5fODJlNWQyYzU2YmRkMDgxMTMxOGYwY2YwNzhiNzhiZmMiO2k6MTtzOjY6InVzZXJJZCI7aToxO3M6OToiZmlyc3ROYW1lIjtzOjQ6Inl1dmkiO3M6ODoibGFzdE5hbWUiO3M6NToic2luZ2giO3M6MTA6InByb2ZpbGVQaWMiO047czo0OiJyb2xlIjtpOjE7czo5OiJjaGFubmVsSWQiO2k6MTtzOjY6InR6TmFtZSI7czoxMjoiQXNpYS9Lb2xrYXRhIjtzOjk6Il9zZjJfbWV0YSI7YTozOntzOjE6InUiO2k6MTQ2MjY5Mjg0ODtzOjE6ImMiO2k6MTQ2MjY5MjU1MDtzOjE6ImwiO3M6MToiMCI7fX0=',1462692848,293),('10b5e29b3aeb8b9844341b829f65b28faac1a7ed','YTo0OntzOjY6Il90b2tlbiI7czo0MDoicnJRdk1JTkM4UWhrVHI5bU1sc3N3ZFBzQmRYOHN4TkVuMktWbDRscCI7czoyMjoiUEhQREVCVUdCQVJfU1RBQ0tfREFUQSI7YTowOnt9czo5OiJfc2YyX21ldGEiO2E6Mzp7czoxOiJ1IjtpOjE0NjI3MTQ2ODk7czoxOiJjIjtpOjE0NjI3MTQ2ODk7czoxOiJsIjtzOjE6IjAiO31zOjU6ImZsYXNoIjthOjI6e3M6Mzoib2xkIjthOjA6e31zOjM6Im5ldyI7YTowOnt9fX0=',1462714690,294),('56b6fdc7c3cbaf6386a1a3aa986fadf404c913f9','YTo0OntzOjY6Il90b2tlbiI7czo0MDoielFEalNIcllOaDZjUVEzbW9WQWdRTDNOYWZuQjZDemNicHRoamtWYSI7czoyMjoiUEhQREVCVUdCQVJfU1RBQ0tfREFUQSI7YTowOnt9czo5OiJfc2YyX21ldGEiO2E6Mzp7czoxOiJ1IjtpOjE0NjI3MjQ5NDA7czoxOiJjIjtpOjE0NjI3MjQ5NDA7czoxOiJsIjtzOjE6IjAiO31zOjU6ImZsYXNoIjthOjI6e3M6Mzoib2xkIjthOjA6e31zOjM6Im5ldyI7YTowOnt9fX0=',1462724940,295),('6faef0400e6a0e005cf0380d0568e474f42ccfe4','YTo0OntzOjY6Il90b2tlbiI7czo0MDoiYnBoSHg5QzI4MWZPUWpDTUU1VlNKbzRLNHNUbkNTODJTNWdNRHJMRCI7czoyMjoiUEhQREVCVUdCQVJfU1RBQ0tfREFUQSI7YTowOnt9czo5OiJfc2YyX21ldGEiO2E6Mzp7czoxOiJ1IjtpOjE0NjI3MjgxMzI7czoxOiJjIjtpOjE0NjI3MjgxMzI7czoxOiJsIjtzOjE6IjAiO31zOjU6ImZsYXNoIjthOjI6e3M6Mzoib2xkIjthOjA6e31zOjM6Im5ldyI7YTowOnt9fX0=',1462728132,296),('bec8756bd2e2c7490b9def506f69a9edcb6c91d2','YTo0OntzOjY6Il90b2tlbiI7czo0MDoic3BCWFU2SEI3d0NwaURuTUpOUE1OZnNteGMyNWJ4WUhlemFnMUFCeSI7czoyMjoiUEhQREVCVUdCQVJfU1RBQ0tfREFUQSI7YTowOnt9czo5OiJfc2YyX21ldGEiO2E6Mzp7czoxOiJ1IjtpOjE0NjI3MjgxMzQ7czoxOiJjIjtpOjE0NjI3MjgxMzQ7czoxOiJsIjtzOjE6IjAiO31zOjU6ImZsYXNoIjthOjI6e3M6Mzoib2xkIjthOjA6e31zOjM6Im5ldyI7YTowOnt9fX0=',1462728134,297),('a8ed1c957668857483d47fdca56e1c0fb199644e','YTo0OntzOjY6Il90b2tlbiI7czo0MDoiTUpGeHJZRU1RU0FIOTZkMmZaam1TUkVOeE1reHRNWEVaUWc0RTJSViI7czoyMjoiUEhQREVCVUdCQVJfU1RBQ0tfREFUQSI7YTowOnt9czo5OiJfc2YyX21ldGEiO2E6Mzp7czoxOiJ1IjtpOjE0NjI4MDMyNzU7czoxOiJjIjtpOjE0NjI4MDMyNzU7czoxOiJsIjtzOjE6IjAiO31zOjU6ImZsYXNoIjthOjI6e3M6Mzoib2xkIjthOjA6e31zOjM6Im5ldyI7YTowOnt9fX0=',1462803278,298),('fce4338145993b9ed8962e2b5c814c5cfa4fd907','YTo0OntzOjY6Il90b2tlbiI7czo0MDoiamlIWUxlb1ZrajVWb1B5R24xRHVhc0NYZHFTNVcxSHAwb0NKYm1NZyI7czoyMjoiUEhQREVCVUdCQVJfU1RBQ0tfREFUQSI7YTowOnt9czo5OiJfc2YyX21ldGEiO2E6Mzp7czoxOiJ1IjtpOjE0NjI4MDMyNzk7czoxOiJjIjtpOjE0NjI4MDMyNzk7czoxOiJsIjtzOjE6IjAiO31zOjU6ImZsYXNoIjthOjI6e3M6Mzoib2xkIjthOjA6e31zOjM6Im5ldyI7YTowOnt9fX0=',1462803279,299),('2b79561865e62544e5944d9df2e9525b7dfb5a69','YTo0OntzOjY6Il90b2tlbiI7czo0MDoiQlduWUNyRHo2eUpHNXJnZHYzYk9CdGpBcFQwRnlLckFVVk1aVXhxZCI7czoyMjoiUEhQREVCVUdCQVJfU1RBQ0tfREFUQSI7YTowOnt9czo5OiJfc2YyX21ldGEiO2E6Mzp7czoxOiJ1IjtpOjE0NjI4MDUwOTc7czoxOiJjIjtpOjE0NjI4MDUwOTc7czoxOiJsIjtzOjE6IjAiO31zOjU6ImZsYXNoIjthOjI6e3M6Mzoib2xkIjthOjA6e31zOjM6Im5ldyI7YTowOnt9fX0=',1462805098,300),('20d0e2c88b93cd4d8d05e47cc7259a61b648af2d','YTo0OntzOjY6Il90b2tlbiI7czo0MDoiZk5nRGc1cndWZ1U3cVFCbEhmVUNCWDZ4blJncTk4Y3lzZEpxTGtSSyI7czoyMjoiUEhQREVCVUdCQVJfU1RBQ0tfREFUQSI7YTowOnt9czo5OiJfc2YyX21ldGEiO2E6Mzp7czoxOiJ1IjtpOjE0NjI4MDUwOTk7czoxOiJjIjtpOjE0NjI4MDUwOTk7czoxOiJsIjtzOjE6IjAiO31zOjU6ImZsYXNoIjthOjI6e3M6Mzoib2xkIjthOjA6e31zOjM6Im5ldyI7YTowOnt9fX0=',1462805099,301),('0224ae9d9093e3a315b0dd41aadeab35343c5383','YTo0OntzOjY6Il90b2tlbiI7czo0MDoiNm9iNkN1UzBibTNmZVM5TTl5dU9ocFh5TzFVbENlVkdBUVp0RXBJUCI7czoyMjoiUEhQREVCVUdCQVJfU1RBQ0tfREFUQSI7YTowOnt9czo5OiJfc2YyX21ldGEiO2E6Mzp7czoxOiJ1IjtpOjE0NjI4MTAzNjM7czoxOiJjIjtpOjE0NjI4MTAzNjM7czoxOiJsIjtzOjE6IjAiO31zOjU6ImZsYXNoIjthOjI6e3M6Mzoib2xkIjthOjA6e31zOjM6Im5ldyI7YTowOnt9fX0=',1462810363,302),('15a480ca61601cc0ca3b4e6cb56eba768f6c3813','YTo0OntzOjY6Il90b2tlbiI7czo0MDoiQWNkVXQ4Q2loMXc4YzB2M0ttdERrZWZSdnFXa0Z2dXlVbktpVXJ5ayI7czoyMjoiUEhQREVCVUdCQVJfU1RBQ0tfREFUQSI7YTowOnt9czo5OiJfc2YyX21ldGEiO2E6Mzp7czoxOiJ1IjtpOjE0NjI4MTAzNjQ7czoxOiJjIjtpOjE0NjI4MTAzNjQ7czoxOiJsIjtzOjE6IjAiO31zOjU6ImZsYXNoIjthOjI6e3M6Mzoib2xkIjthOjA6e31zOjM6Im5ldyI7YTowOnt9fX0=',1462810365,303),('b3d022619074fcbe004fd3037fb65b75be9910cf','YTo0OntzOjY6Il90b2tlbiI7czo0MDoib2xlUmZ0aE1DeFYyQ3FDcDRJS3B2Y3lDRlBFT3JZakR1cEkwNEdOYiI7czoyMjoiUEhQREVCVUdCQVJfU1RBQ0tfREFUQSI7YTowOnt9czo5OiJfc2YyX21ldGEiO2E6Mzp7czoxOiJ1IjtpOjE0NjMxNTY2NTA7czoxOiJjIjtpOjE0NjMxNTY2NTA7czoxOiJsIjtzOjE6IjAiO31zOjU6ImZsYXNoIjthOjI6e3M6Mzoib2xkIjthOjA6e31zOjM6Im5ldyI7YTowOnt9fX0=',1463156653,304),('5756cf3e8292bb800d1e097882c7c31aa18ced61','YTo0OntzOjY6Il90b2tlbiI7czo0MDoiN2d0U3Nwa3BWSWdtQWpqRDZHS1gyTFNCdThYREtZZ2ZibG9jd01pciI7czoyMjoiUEhQREVCVUdCQVJfU1RBQ0tfREFUQSI7YTowOnt9czo5OiJfc2YyX21ldGEiO2E6Mzp7czoxOiJ1IjtpOjE0NjMxNTc0NjY7czoxOiJjIjtpOjE0NjMxNTc0NjY7czoxOiJsIjtzOjE6IjAiO31zOjU6ImZsYXNoIjthOjI6e3M6Mzoib2xkIjthOjA6e31zOjM6Im5ldyI7YTowOnt9fX0=',1463157466,305),('8312412ce8a64b07b4e9fee5fa659e8d17e031c0','YTo0OntzOjY6Il90b2tlbiI7czo0MDoic201ckV0cXY4S05HRDJ1bG0wdVJJUm1ySVV5Q1R6eElCck1ZaElmNSI7czoyMjoiUEhQREVCVUdCQVJfU1RBQ0tfREFUQSI7YTowOnt9czo5OiJfc2YyX21ldGEiO2E6Mzp7czoxOiJ1IjtpOjE0NjMxNTc0Njg7czoxOiJjIjtpOjE0NjMxNTc0Njg7czoxOiJsIjtzOjE6IjAiO31zOjU6ImZsYXNoIjthOjI6e3M6Mzoib2xkIjthOjA6e31zOjM6Im5ldyI7YTowOnt9fX0=',1463157468,306),('526e83e1428c8b86fba2f842c7d0b89810c28237','YTo0OntzOjY6Il90b2tlbiI7czo0MDoiU2MyRmQ0ekswTGs2aVNLUlBHNEFLczFqdllEQWc4Y0JyaUdSZWg5RiI7czoyMjoiUEhQREVCVUdCQVJfU1RBQ0tfREFUQSI7YTowOnt9czo5OiJfc2YyX21ldGEiO2E6Mzp7czoxOiJ1IjtpOjE0NjMxNTc2MTA7czoxOiJjIjtpOjE0NjMxNTc2MTA7czoxOiJsIjtzOjE6IjAiO31zOjU6ImZsYXNoIjthOjI6e3M6Mzoib2xkIjthOjA6e31zOjM6Im5ldyI7YTowOnt9fX0=',1463157610,307),('f8c399dfd13173e80d66cfe90c0942cca898f784','YTo0OntzOjY6Il90b2tlbiI7czo0MDoidDdnSG9GN3pNOGxHUGxPTGFYTk9ScWlTVmVHWXhTbEhrZU95M051RSI7czoyMjoiUEhQREVCVUdCQVJfU1RBQ0tfREFUQSI7YTowOnt9czo5OiJfc2YyX21ldGEiO2E6Mzp7czoxOiJ1IjtpOjE0NjMxNTc2MTE7czoxOiJjIjtpOjE0NjMxNTc2MTE7czoxOiJsIjtzOjE6IjAiO31zOjU6ImZsYXNoIjthOjI6e3M6Mzoib2xkIjthOjA6e31zOjM6Im5ldyI7YTowOnt9fX0=',1463157611,308),('c818bfa8acc488048fe6755cc80aed4f06c6153c','YTo0OntzOjY6Il90b2tlbiI7czo0MDoiSzE2bmhGZnlia1FFVng3QWxMWmpZU2JDU2c0SjVBRlRTQXQwMG8wNCI7czoyMjoiUEhQREVCVUdCQVJfU1RBQ0tfREFUQSI7YTowOnt9czo5OiJfc2YyX21ldGEiO2E6Mzp7czoxOiJ1IjtpOjE0NjMyMDI0MDY7czoxOiJjIjtpOjE0NjMyMDI0MDY7czoxOiJsIjtzOjE6IjAiO31zOjU6ImZsYXNoIjthOjI6e3M6Mzoib2xkIjthOjA6e31zOjM6Im5ldyI7YTowOnt9fX0=',1463202409,309),('062b14b8063055426d8403e088c22fe495d8f1f2','YTo0OntzOjY6Il90b2tlbiI7czo0MDoiNmg3c1E3YUJYVVhhdURUZGxhMlg5ZVd1YTNDbXE4MW14d2p6bUV1WSI7czoyMjoiUEhQREVCVUdCQVJfU1RBQ0tfREFUQSI7YTowOnt9czo5OiJfc2YyX21ldGEiO2E6Mzp7czoxOiJ1IjtpOjE0NjMyMDI2NzM7czoxOiJjIjtpOjE0NjMyMDI2NzM7czoxOiJsIjtzOjE6IjAiO31zOjU6ImZsYXNoIjthOjI6e3M6Mzoib2xkIjthOjA6e31zOjM6Im5ldyI7YTowOnt9fX0=',1463202674,310),('b934edfee68661dd5de8c485fc76dde77245ef09','YTo0OntzOjY6Il90b2tlbiI7czo0MDoiSWl6UTRndktKdmliS0RxdDI3WnZUTGpMTzdtR0JsbTVIY3NrTUhrQiI7czoyMjoiUEhQREVCVUdCQVJfU1RBQ0tfREFUQSI7YTowOnt9czo5OiJfc2YyX21ldGEiO2E6Mzp7czoxOiJ1IjtpOjE0NjMyMDI2Nzc7czoxOiJjIjtpOjE0NjMyMDI2Nzc7czoxOiJsIjtzOjE6IjAiO31zOjU6ImZsYXNoIjthOjI6e3M6Mzoib2xkIjthOjA6e31zOjM6Im5ldyI7YTowOnt9fX0=',1463202677,311),('8167a3dc3b87b4f0bd2c5b4b026923abe54cf08b','YTo0OntzOjY6Il90b2tlbiI7czo0MDoiUHRRa0h2QmF1c0FYMk9SM3FTMU01NlVGWHhMeXRTejNubUQ5YnNkOSI7czoyMjoiUEhQREVCVUdCQVJfU1RBQ0tfREFUQSI7YTowOnt9czo5OiJfc2YyX21ldGEiO2E6Mzp7czoxOiJ1IjtpOjE0NjMyMDMwOTc7czoxOiJjIjtpOjE0NjMyMDMwOTc7czoxOiJsIjtzOjE6IjAiO31zOjU6ImZsYXNoIjthOjI6e3M6Mzoib2xkIjthOjA6e31zOjM6Im5ldyI7YTowOnt9fX0=',1463203097,312),('7f8fe14136066135d6b7384ca93b2a07c4c66758','YTo0OntzOjY6Il90b2tlbiI7czo0MDoiT3FybjU5bkJDRE0wVUE4YlBTNjN0ZDNqSmdHcnNQYzdOSUZCUmJ2VyI7czoyMjoiUEhQREVCVUdCQVJfU1RBQ0tfREFUQSI7YTowOnt9czo5OiJfc2YyX21ldGEiO2E6Mzp7czoxOiJ1IjtpOjE0NjMyMDMxMDA7czoxOiJjIjtpOjE0NjMyMDMxMDA7czoxOiJsIjtzOjE6IjAiO31zOjU6ImZsYXNoIjthOjI6e3M6Mzoib2xkIjthOjA6e31zOjM6Im5ldyI7YTowOnt9fX0=',1463203100,313),('c4c366c4a9ff562b7db28646a50ded7d7cb171de','YToxMjp7czo2OiJfdG9rZW4iO3M6NDA6IkVoR1E2UWNuc0g5RllsVVZNelo4UkxRaU1hYWw4bEhRVzRlZEI0UWUiO3M6MjI6IlBIUERFQlVHQkFSX1NUQUNLX0RBVEEiO2E6MDp7fXM6NToiZmxhc2giO2E6Mjp7czozOiJvbGQiO2E6MDp7fXM6MzoibmV3IjthOjA6e319czozODoibG9naW5fODJlNWQyYzU2YmRkMDgxMTMxOGYwY2YwNzhiNzhiZmMiO2k6MTtzOjY6InVzZXJJZCI7aToxO3M6OToiZmlyc3ROYW1lIjtzOjQ6Inl1dmkiO3M6ODoibGFzdE5hbWUiO3M6NToic2luZ2giO3M6MTA6InByb2ZpbGVQaWMiO047czo0OiJyb2xlIjtpOjE7czo5OiJjaGFubmVsSWQiO2k6MTtzOjY6InR6TmFtZSI7czoxMzoiQXNpYS9DYWxjdXR0YSI7czo5OiJfc2YyX21ldGEiO2E6Mzp7czoxOiJ1IjtpOjE0NjMyMDQwOTA7czoxOiJjIjtpOjE0NjMyMDMxMTk7czoxOiJsIjtzOjE6IjAiO319',1463204091,315),('29345add834d6e68a87dc6b12ebb79fde216d5cb','YTo0OntzOjY6Il90b2tlbiI7czo0MDoiQXBMMUJZbWo0dTFHN1NCZkxlNTRqOW9tMUhyOThXR2djZ1pvNGQ1VSI7czoyMjoiUEhQREVCVUdCQVJfU1RBQ0tfREFUQSI7YTowOnt9czo5OiJfc2YyX21ldGEiO2E6Mzp7czoxOiJ1IjtpOjE0NjMyMDU3NTA7czoxOiJjIjtpOjE0NjMyMDU3NTA7czoxOiJsIjtzOjE6IjAiO31zOjU6ImZsYXNoIjthOjI6e3M6Mzoib2xkIjthOjA6e31zOjM6Im5ldyI7YTowOnt9fX0=',1463205750,316),('41c97982aa2565f8b7f88403090a1c34e0985016','YTo0OntzOjY6Il90b2tlbiI7czo0MDoiQUFKSHBtelNLd2VQWEFvOXJVOFp5Yng5V3RXV0V4M3BmSFBzWUxCQyI7czoyMjoiUEhQREVCVUdCQVJfU1RBQ0tfREFUQSI7YTowOnt9czo5OiJfc2YyX21ldGEiO2E6Mzp7czoxOiJ1IjtpOjE0NjMyMDYwNzE7czoxOiJjIjtpOjE0NjMyMDYwNzE7czoxOiJsIjtzOjE6IjAiO31zOjU6ImZsYXNoIjthOjI6e3M6Mzoib2xkIjthOjA6e31zOjM6Im5ldyI7YTowOnt9fX0=',1463206072,317),('687a7b7ba4bd0514b3b18e518dacf98156e7be74','YTo0OntzOjY6Il90b2tlbiI7czo0MDoiQXlka0wzeDZlR2JSR3lPb2dnWEFlMlZ2ZUZVRmhYMDVkTHhaTHBKUyI7czoyMjoiUEhQREVCVUdCQVJfU1RBQ0tfREFUQSI7YTowOnt9czo5OiJfc2YyX21ldGEiO2E6Mzp7czoxOiJ1IjtpOjE0NjMyMDYxODc7czoxOiJjIjtpOjE0NjMyMDYxODc7czoxOiJsIjtzOjE6IjAiO31zOjU6ImZsYXNoIjthOjI6e3M6Mzoib2xkIjthOjA6e31zOjM6Im5ldyI7YTowOnt9fX0=',1463206188,318),('fd5b6c9061b746965a38c54a672d4c0f38bab36b','YTo0OntzOjY6Il90b2tlbiI7czo0MDoiZTZMeUR1VGVwOVoxdDJyRUpLWXoyMjJPZ0dqN3A5NXFmNGRaSmZPRiI7czoyMjoiUEhQREVCVUdCQVJfU1RBQ0tfREFUQSI7YTowOnt9czo5OiJfc2YyX21ldGEiO2E6Mzp7czoxOiJ1IjtpOjE0NjMyMDYxOTA7czoxOiJjIjtpOjE0NjMyMDYxOTA7czoxOiJsIjtzOjE6IjAiO31zOjU6ImZsYXNoIjthOjI6e3M6Mzoib2xkIjthOjA6e31zOjM6Im5ldyI7YTowOnt9fX0=',1463206190,319),('21877c3b1e243b4419387bc75fe41c4063f6f397','YTo0OntzOjY6Il90b2tlbiI7czo0MDoiYTVmWWtSd1NuTVNYRE9KV2dlR3I2VTB2WE13SGtHMERvZmhJczlGdyI7czoyMjoiUEhQREVCVUdCQVJfU1RBQ0tfREFUQSI7YTowOnt9czo5OiJfc2YyX21ldGEiO2E6Mzp7czoxOiJ1IjtpOjE0NjMyMDYzNzc7czoxOiJjIjtpOjE0NjMyMDYzNzc7czoxOiJsIjtzOjE6IjAiO31zOjU6ImZsYXNoIjthOjI6e3M6Mzoib2xkIjthOjA6e31zOjM6Im5ldyI7YTowOnt9fX0=',1463206377,320),('ed24f1337e428fd28b3c0b934d256481dda81ebc','YTo0OntzOjY6Il90b2tlbiI7czo0MDoiQzc0TlUwYVlra0xWNU80VnhaM0oxVEtMRENXTm9VamFRbnVJSEt6RyI7czoyMjoiUEhQREVCVUdCQVJfU1RBQ0tfREFUQSI7YTowOnt9czo5OiJfc2YyX21ldGEiO2E6Mzp7czoxOiJ1IjtpOjE0NjMyMDYzNzg7czoxOiJjIjtpOjE0NjMyMDYzNzg7czoxOiJsIjtzOjE6IjAiO31zOjU6ImZsYXNoIjthOjI6e3M6Mzoib2xkIjthOjA6e31zOjM6Im5ldyI7YTowOnt9fX0=',1463206378,321),('a0b834742371377693b6557d592766300cdbbe26','YTo0OntzOjY6Il90b2tlbiI7czo0MDoiUGhPdFlYMWZpRmNSblhFZTlzdFhTZmRrZGJKaEh5Z1ZQeTVmWU5nbyI7czoyMjoiUEhQREVCVUdCQVJfU1RBQ0tfREFUQSI7YTowOnt9czo5OiJfc2YyX21ldGEiO2E6Mzp7czoxOiJ1IjtpOjE0NjMzMjI3MzA7czoxOiJjIjtpOjE0NjMzMjI3MzA7czoxOiJsIjtzOjE6IjAiO31zOjU6ImZsYXNoIjthOjI6e3M6Mzoib2xkIjthOjA6e31zOjM6Im5ldyI7YTowOnt9fX0=',1463322735,322),('ea3b3b60c74e6a23925b85c205eb668532f8794e','YTozOntzOjY6Il90b2tlbiI7czo0MDoiVlQ3SmtaYzBmclJXbFBxRDZWS3BQUnR1c1pjcUtFNlA2bzFNaWt2MiI7czo1OiJmbGFzaCI7YToyOntzOjM6Im9sZCI7YTowOnt9czozOiJuZXciO2E6MDp7fX1zOjk6Il9zZjJfbWV0YSI7YTozOntzOjE6InUiO2k6MTQ2MzMyNjI0NztzOjE6ImMiO2k6MTQ2MzMyNjE4NTtzOjE6ImwiO3M6MToiMCI7fX0=',1463326248,323),('13ac65c7d18dc6fb0f24a99b0b260576227fc4b3','YToxMjp7czo2OiJfdG9rZW4iO3M6NDA6IkY1QTRodUszem1DcXJSWDg4OGk3dFpVcVJnOGQ0RDlYUTNFdzZVak8iO3M6NToiZmxhc2giO2E6Mjp7czozOiJvbGQiO2E6MDp7fXM6MzoibmV3IjthOjA6e319czoyMjoiUEhQREVCVUdCQVJfU1RBQ0tfREFUQSI7YTowOnt9czozODoibG9naW5fODJlNWQyYzU2YmRkMDgxMTMxOGYwY2YwNzhiNzhiZmMiO2k6MjtzOjY6InVzZXJJZCI7aToyO3M6OToiZmlyc3ROYW1lIjtzOjI2OiJzaHJ1dGlwdXJ1c2hhbjIwQGdtYWlsLmNvbSI7czo4OiJsYXN0TmFtZSI7czoyNjoic2hydXRpcHVydXNoYW4yMEBnbWFpbC5jb20iO3M6MTA6InByb2ZpbGVQaWMiO047czo0OiJyb2xlIjtpOjM7czo5OiJjaGFubmVsSWQiO047czo2OiJ0ek5hbWUiO3M6MTM6IkFzaWEvQ2FsY3V0dGEiO3M6OToiX3NmMl9tZXRhIjthOjM6e3M6MToidSI7aToxNDYzMzI5MDI2O3M6MToiYyI7aToxNDYzMzI2MTk1O3M6MToibCI7czoxOiIwIjt9fQ==',1463329027,325),('d46c90f0b9d358015555e24de07ed06b6db6a6b4','YTo0OntzOjY6Il90b2tlbiI7czo0MDoiM21xNGU3MWNlVDVycmFveGhsbElsQTBJanRUNThkRmVyeUx0ZHhWUCI7czoyMjoiUEhQREVCVUdCQVJfU1RBQ0tfREFUQSI7YTowOnt9czo5OiJfc2YyX21ldGEiO2E6Mzp7czoxOiJ1IjtpOjE0NjMzMjgxNjA7czoxOiJjIjtpOjE0NjMzMjgxNjA7czoxOiJsIjtzOjE6IjAiO31zOjU6ImZsYXNoIjthOjI6e3M6Mzoib2xkIjthOjA6e31zOjM6Im5ldyI7YTowOnt9fX0=',1463328161,326),('71688e673112eb42e2d578a78def506d94ac21de','YTo0OntzOjY6Il90b2tlbiI7czo0MDoiMFJ2d3BGdE1qUnA5YXJCejE2cWdTcjBLQm90UVdKTzA2b3hLeW5oeCI7czoyMjoiUEhQREVCVUdCQVJfU1RBQ0tfREFUQSI7YTowOnt9czo5OiJfc2YyX21ldGEiO2E6Mzp7czoxOiJ1IjtpOjE0NjMzMjgxNjQ7czoxOiJjIjtpOjE0NjMzMjgxNjQ7czoxOiJsIjtzOjE6IjAiO31zOjU6ImZsYXNoIjthOjI6e3M6Mzoib2xkIjthOjA6e31zOjM6Im5ldyI7YTowOnt9fX0=',1463328164,327),('df847a2ea4e5b84840930d28589938eb0dbf5108','YTo0OntzOjY6Il90b2tlbiI7czo0MDoiRU0zdzkzekNudFBKZUVzQjBHSk9JOGhqMG5VUDVud21KWlhjWjhjcSI7czoyMjoiUEhQREVCVUdCQVJfU1RBQ0tfREFUQSI7YTowOnt9czo1OiJmbGFzaCI7YToyOntzOjM6Im9sZCI7YTowOnt9czozOiJuZXciO2E6MDp7fX1zOjk6Il9zZjJfbWV0YSI7YTozOntzOjE6InUiO2k6MTQ2NTU3Njc1MTtzOjE6ImMiO2k6MTQ2NTU3NDEwMTtzOjE6ImwiO3M6MToiMCI7fX0=',1465576752,328),('2da002880f7e8eb7a275420a563cf5640e42f7ac','YTo0OntzOjY6Il90b2tlbiI7czo0MDoicGVkZmk5Q2V5RHR1eVZlb3d4T3RKVk0yQ2FaNUpiWmZRbWxCZXZJNyI7czoyMjoiUEhQREVCVUdCQVJfU1RBQ0tfREFUQSI7YTowOnt9czo5OiJfc2YyX21ldGEiO2E6Mzp7czoxOiJ1IjtpOjE0NjU3MTcxMDU7czoxOiJjIjtpOjE0NjU3MTcxMDU7czoxOiJsIjtzOjE6IjAiO31zOjU6ImZsYXNoIjthOjI6e3M6Mzoib2xkIjthOjA6e31zOjM6Im5ldyI7YTowOnt9fX0=',1465717108,329),('ce30b64a482c09c6c2ada0f9694d1ec4f3ff7877','YTo0OntzOjY6Il90b2tlbiI7czo0MDoiU1kzUkNFTFN4WTdzbWg2QjZnREJ3ekZnRUdQb2ZkRFNudXhvMlFqbiI7czoyMjoiUEhQREVCVUdCQVJfU1RBQ0tfREFUQSI7YTowOnt9czo5OiJfc2YyX21ldGEiO2E6Mzp7czoxOiJ1IjtpOjE0NjU4MzM5Mjg7czoxOiJjIjtpOjE0NjU4MzM5Mjg7czoxOiJsIjtzOjE6IjAiO31zOjU6ImZsYXNoIjthOjI6e3M6Mzoib2xkIjthOjA6e31zOjM6Im5ldyI7YTowOnt9fX0=',1465833930,330),('7bea79405b0c9fb28e006d9e08bf05bed39223a5','YTo0OntzOjY6Il90b2tlbiI7czo0MDoic2JOM000dkxOaXhXZUZwTGVCejdGcldJR2JjMkJLd3lXTnU5NnJudSI7czoyMjoiUEhQREVCVUdCQVJfU1RBQ0tfREFUQSI7YTowOnt9czo1OiJmbGFzaCI7YToyOntzOjM6Im9sZCI7YTowOnt9czozOiJuZXciO2E6MDp7fX1zOjk6Il9zZjJfbWV0YSI7YTozOntzOjE6InUiO2k6MTQ2NTkxMzkzMDtzOjE6ImMiO2k6MTQ2NTkxMzkyMjtzOjE6ImwiO3M6MToiMCI7fX0=',1465913930,331),('bd20fe136aac674c355956d8cb4454fbc3273775','YTo0OntzOjY6Il90b2tlbiI7czo0MDoiVWRWQzc0VnQ2cXJHYkxxeDhoVm5xTkJEN0tDQmtFaXlSakpsU3VYbyI7czoyMjoiUEhQREVCVUdCQVJfU1RBQ0tfREFUQSI7YTowOnt9czo5OiJfc2YyX21ldGEiO2E6Mzp7czoxOiJ1IjtpOjE0NjU5MjEwMjQ7czoxOiJjIjtpOjE0NjU5MjEwMjQ7czoxOiJsIjtzOjE6IjAiO31zOjU6ImZsYXNoIjthOjI6e3M6Mzoib2xkIjthOjA6e31zOjM6Im5ldyI7YTowOnt9fX0=',1465921024,332),('673a6f4b5400aefc1ac544c03eddb7fef9d47c99','YTo0OntzOjY6Il90b2tlbiI7czo0MDoiMU9PZDNlUWFKNGg3MVUyN1lLMUhQYVc2enlwanl1VWkyRGxZUnZsRyI7czoyMjoiUEhQREVCVUdCQVJfU1RBQ0tfREFUQSI7YTowOnt9czo5OiJfc2YyX21ldGEiO2E6Mzp7czoxOiJ1IjtpOjE0NjYwMDI5ODI7czoxOiJjIjtpOjE0NjYwMDI5ODI7czoxOiJsIjtzOjE6IjAiO31zOjU6ImZsYXNoIjthOjI6e3M6Mzoib2xkIjthOjA6e31zOjM6Im5ldyI7YTowOnt9fX0=',1466002985,333),('2e76e8118c9b4e911ccfa24d16a56a4b99eace7c','YTo0OntzOjY6Il90b2tlbiI7czo0MDoienJXenVlZ3haWTZhTXh5RUNNSGJJRW9VNDZlYXdQcU9ERWF5NGpNUCI7czoyMjoiUEhQREVCVUdCQVJfU1RBQ0tfREFUQSI7YTowOnt9czo5OiJfc2YyX21ldGEiO2E6Mzp7czoxOiJ1IjtpOjE0NjYwOTE3ODg7czoxOiJjIjtpOjE0NjYwOTE3ODg7czoxOiJsIjtzOjE6IjAiO31zOjU6ImZsYXNoIjthOjI6e3M6Mzoib2xkIjthOjA6e31zOjM6Im5ldyI7YTowOnt9fX0=',1466091789,334),('49ab55db2820574c0a84beca1af1d7c7622512ef','YTo0OntzOjY6Il90b2tlbiI7czo0MDoicUYwbHltRm1TR0NnVEZSNEE1SHNKRDZXYUMyUkV3cWx5REI3Y1FZMiI7czoyMjoiUEhQREVCVUdCQVJfU1RBQ0tfREFUQSI7YTowOnt9czo5OiJfc2YyX21ldGEiO2E6Mzp7czoxOiJ1IjtpOjE0NjYxMzEyMjU7czoxOiJjIjtpOjE0NjYxMzEyMjU7czoxOiJsIjtzOjE6IjAiO31zOjU6ImZsYXNoIjthOjI6e3M6Mzoib2xkIjthOjA6e31zOjM6Im5ldyI7YTowOnt9fX0=',1466131228,335),('38ad3ffd69f6c16d77aaab86cd6c11465b4dfdd2','YTo0OntzOjY6Il90b2tlbiI7czo0MDoiQlUwWUlxMDdZU3NBVmNwN0gwaXcyMjNaUjJaN0J4M0hVQlF0TTlLbSI7czoyMjoiUEhQREVCVUdCQVJfU1RBQ0tfREFUQSI7YTowOnt9czo5OiJfc2YyX21ldGEiO2E6Mzp7czoxOiJ1IjtpOjE0NjYxMzEyMjk7czoxOiJjIjtpOjE0NjYxMzEyMjk7czoxOiJsIjtzOjE6IjAiO31zOjU6ImZsYXNoIjthOjI6e3M6Mzoib2xkIjthOjA6e31zOjM6Im5ldyI7YTowOnt9fX0=',1466131229,336),('7003118f7adcda92be20934908c496a89ce61b63','YTo0OntzOjY6Il90b2tlbiI7czo0MDoiekQyMHBCdzh3UHljckszbDNZU2o5U05uZHVCaHljTVBJcmtDTXFVOSI7czoyMjoiUEhQREVCVUdCQVJfU1RBQ0tfREFUQSI7YTowOnt9czo5OiJfc2YyX21ldGEiO2E6Mzp7czoxOiJ1IjtpOjE0NjYxNzM3Mzc7czoxOiJjIjtpOjE0NjYxNzM3Mzc7czoxOiJsIjtzOjE6IjAiO31zOjU6ImZsYXNoIjthOjI6e3M6Mzoib2xkIjthOjA6e31zOjM6Im5ldyI7YTowOnt9fX0=',1466173737,337),('17a3e352a542e3080700f82eb31e08f37a9140ff','YTo0OntzOjY6Il90b2tlbiI7czo0MDoiUVUwVng0MW1EY21Wcms4ZTc1eU5mTHRwT1pFUEFYcmNiczk3bHFFSyI7czoyMjoiUEhQREVCVUdCQVJfU1RBQ0tfREFUQSI7YTowOnt9czo5OiJfc2YyX21ldGEiO2E6Mzp7czoxOiJ1IjtpOjE0NjYxNzcxNjA7czoxOiJjIjtpOjE0NjYxNzcxNjA7czoxOiJsIjtzOjE6IjAiO31zOjU6ImZsYXNoIjthOjI6e3M6Mzoib2xkIjthOjA6e31zOjM6Im5ldyI7YTowOnt9fX0=',1466177168,338),('4ef88fe47aa67171fd25955359cb51e61f2a80cf','YTo0OntzOjY6Il90b2tlbiI7czo0MDoiQ1BnNU1ONDFVM3ozSlhxdWdJRXV1Z3lXVlA3OTB1QThUVHVROHRKTSI7czoyMjoiUEhQREVCVUdCQVJfU1RBQ0tfREFUQSI7YTowOnt9czo5OiJfc2YyX21ldGEiO2E6Mzp7czoxOiJ1IjtpOjE0NjYxNzk5ODE7czoxOiJjIjtpOjE0NjYxNzk5ODE7czoxOiJsIjtzOjE6IjAiO31zOjU6ImZsYXNoIjthOjI6e3M6Mzoib2xkIjthOjA6e31zOjM6Im5ldyI7YTowOnt9fX0=',1466179988,339),('25fdf6da13d3c5d66291775d5605aeedf9cfc1cb','YTo0OntzOjY6Il90b2tlbiI7czo0MDoiN2tXUklSMnV3ME1PbW5BdDlVNXNBekpzRGRoZDRnckp5ajFnbWFUYyI7czoyMjoiUEhQREVCVUdCQVJfU1RBQ0tfREFUQSI7YTowOnt9czo1OiJmbGFzaCI7YToyOntzOjM6Im9sZCI7YTowOnt9czozOiJuZXciO2E6MDp7fX1zOjk6Il9zZjJfbWV0YSI7YTozOntzOjE6InUiO2k6MTQ2NjE4MTEzMztzOjE6ImMiO2k6MTQ2NjE4MTEyNztzOjE6ImwiO3M6MToiMCI7fX0=',1466181133,340),('e96fbf7257b07c853635074d1a633c8aa87aa682','YTo0OntzOjY6Il90b2tlbiI7czo0MDoiNmJpM0VCRDlxMUNKTUVnd25iWFJFVUNFV0kzajFIMDhpd2E0dllwcCI7czoyMjoiUEhQREVCVUdCQVJfU1RBQ0tfREFUQSI7YTowOnt9czo5OiJfc2YyX21ldGEiO2E6Mzp7czoxOiJ1IjtpOjE0NjYyMjQ1ODU7czoxOiJjIjtpOjE0NjYyMjQ1ODU7czoxOiJsIjtzOjE6IjAiO31zOjU6ImZsYXNoIjthOjI6e3M6Mzoib2xkIjthOjA6e31zOjM6Im5ldyI7YTowOnt9fX0=',1466224586,341),('c697321da7f3a2f23250b4653c30f889a697264c','YTo0OntzOjY6Il90b2tlbiI7czo0MDoib2VjUld6cjZ6cDRkekFrcGlKWHdFR0o4akp1enBvQ0pRMUN6TlFaeCI7czoyMjoiUEhQREVCVUdCQVJfU1RBQ0tfREFUQSI7YTowOnt9czo5OiJfc2YyX21ldGEiO2E6Mzp7czoxOiJ1IjtpOjE0NjYyMjY0NjQ7czoxOiJjIjtpOjE0NjYyMjY0NjQ7czoxOiJsIjtzOjE6IjAiO31zOjU6ImZsYXNoIjthOjI6e3M6Mzoib2xkIjthOjA6e31zOjM6Im5ldyI7YTowOnt9fX0=',1466226465,342),('1b6bda5f74d6c12c5a0702cf06f1f8eab0224bbb','YTo0OntzOjY6Il90b2tlbiI7czo0MDoiNmF1SGRjZUQzMGNYUTY1WXpXWmF4R2ZiQkJsTHJrZ2RqUG45alAxUCI7czoyMjoiUEhQREVCVUdCQVJfU1RBQ0tfREFUQSI7YTowOnt9czo5OiJfc2YyX21ldGEiO2E6Mzp7czoxOiJ1IjtpOjE0NjYyMzE2MTY7czoxOiJjIjtpOjE0NjYyMzE2MTY7czoxOiJsIjtzOjE6IjAiO31zOjU6ImZsYXNoIjthOjI6e3M6Mzoib2xkIjthOjA6e31zOjM6Im5ldyI7YTowOnt9fX0=',1466231617,343),('16615c6632e871bd10ab209ea12ea94294e55fc5','YTo0OntzOjY6Il90b2tlbiI7czo0MDoiYmVvcnM1UHlYREhLZzI2ZnRrZE9ONzFCdVQzeHNybWpLMlN0akVldyI7czoyMjoiUEhQREVCVUdCQVJfU1RBQ0tfREFUQSI7YTowOnt9czo5OiJfc2YyX21ldGEiO2E6Mzp7czoxOiJ1IjtpOjE0NjYyNjI5NTQ7czoxOiJjIjtpOjE0NjYyNjI5NTQ7czoxOiJsIjtzOjE6IjAiO31zOjU6ImZsYXNoIjthOjI6e3M6Mzoib2xkIjthOjA6e31zOjM6Im5ldyI7YTowOnt9fX0=',1466262956,344),('a26f78a9c7bd322a93a96936f655807acfd4ee06','YTo0OntzOjY6Il90b2tlbiI7czo0MDoiMlduMXA0Z2gwVVFuWURxbWhSbEgzNjVMbXVaTFZvNlduTUZmR2ZqZCI7czoyMjoiUEhQREVCVUdCQVJfU1RBQ0tfREFUQSI7YTowOnt9czo5OiJfc2YyX21ldGEiO2E6Mzp7czoxOiJ1IjtpOjE0NjYyNjM2Nzc7czoxOiJjIjtpOjE0NjYyNjM2Nzc7czoxOiJsIjtzOjE6IjAiO31zOjU6ImZsYXNoIjthOjI6e3M6Mzoib2xkIjthOjA6e31zOjM6Im5ldyI7YTowOnt9fX0=',1466263678,345),('fd3649c7e8f9c15018e8c2f35e1ccbf3f37f9419','YTo0OntzOjY6Il90b2tlbiI7czo0MDoid0VXNmR6c1l4Rml2V3FsRWdZajFNVHF1Z1lrN3JJYVZkOVpaN1BnTyI7czoyMjoiUEhQREVCVUdCQVJfU1RBQ0tfREFUQSI7YTowOnt9czo5OiJfc2YyX21ldGEiO2E6Mzp7czoxOiJ1IjtpOjE0NjYyNjU5NTM7czoxOiJjIjtpOjE0NjYyNjU5NTM7czoxOiJsIjtzOjE6IjAiO31zOjU6ImZsYXNoIjthOjI6e3M6Mzoib2xkIjthOjA6e31zOjM6Im5ldyI7YTowOnt9fX0=',1466265953,346),('1c924432ec0fbbe6880302420bc2c1b1026151a2','YTo0OntzOjY6Il90b2tlbiI7czo0MDoicVNyUm9ybXFsYWJ3SEdYbXF5dGlPWVNtdlFsc3NQdzh6SmZBOUhJMiI7czoyMjoiUEhQREVCVUdCQVJfU1RBQ0tfREFUQSI7YTowOnt9czo5OiJfc2YyX21ldGEiO2E6Mzp7czoxOiJ1IjtpOjE0NjYyNjk5NDQ7czoxOiJjIjtpOjE0NjYyNjk5NDQ7czoxOiJsIjtzOjE6IjAiO31zOjU6ImZsYXNoIjthOjI6e3M6Mzoib2xkIjthOjA6e31zOjM6Im5ldyI7YTowOnt9fX0=',1466269944,347),('9db701e784c5b9ce8bd4e6ceb0bf4c9b7178321a','YTo0OntzOjY6Il90b2tlbiI7czo0MDoiQmFuS212MmFXWFh4SEpRQm9uU1lPTkJVMlpDb0hLa1FPUG1Bbm5qUCI7czoyMjoiUEhQREVCVUdCQVJfU1RBQ0tfREFUQSI7YTowOnt9czo5OiJfc2YyX21ldGEiO2E6Mzp7czoxOiJ1IjtpOjE0NjYyNzM0NzE7czoxOiJjIjtpOjE0NjYyNzM0NzE7czoxOiJsIjtzOjE6IjAiO31zOjU6ImZsYXNoIjthOjI6e3M6Mzoib2xkIjthOjA6e31zOjM6Im5ldyI7YTowOnt9fX0=',1466273472,348),('4a72f1af85671eff3634ee4c25db80614355d059','YTo0OntzOjY6Il90b2tlbiI7czo0MDoiSXd2c1pHaGhDTktBZnMyc1VGc2sxTXNCNnhDVzR0MkJoSU1wWWlYZSI7czoyMjoiUEhQREVCVUdCQVJfU1RBQ0tfREFUQSI7YTowOnt9czo5OiJfc2YyX21ldGEiO2E6Mzp7czoxOiJ1IjtpOjE0NjYyNzU5OTY7czoxOiJjIjtpOjE0NjYyNzU5OTY7czoxOiJsIjtzOjE6IjAiO31zOjU6ImZsYXNoIjthOjI6e3M6Mzoib2xkIjthOjA6e31zOjM6Im5ldyI7YTowOnt9fX0=',1466275997,349),('5af7390283d3ff96d6fc2a121a098727b8ada2f7','YTo0OntzOjY6Il90b2tlbiI7czo0MDoiUXc5UGhGaFppRTVBdnUxcjhINTlvWGx5RWdZeXZRZERHV0FQU3ZDYiI7czoyMjoiUEhQREVCVUdCQVJfU1RBQ0tfREFUQSI7YTowOnt9czo5OiJfc2YyX21ldGEiO2E6Mzp7czoxOiJ1IjtpOjE0NjYyNzk5ODg7czoxOiJjIjtpOjE0NjYyNzk5ODg7czoxOiJsIjtzOjE6IjAiO31zOjU6ImZsYXNoIjthOjI6e3M6Mzoib2xkIjthOjA6e31zOjM6Im5ldyI7YTowOnt9fX0=',1466279988,350),('69703aa099d4203663ef50da766895e9d06929b6','YTo0OntzOjY6Il90b2tlbiI7czo0MDoiY0hqRWI1cUZLdmx6QzI4TERZdENKZHZuM1RwT1dVTHVvVmdETkRPWSI7czoyMjoiUEhQREVCVUdCQVJfU1RBQ0tfREFUQSI7YTowOnt9czo5OiJfc2YyX21ldGEiO2E6Mzp7czoxOiJ1IjtpOjE0NjYyODYyNTM7czoxOiJjIjtpOjE0NjYyODYyNTM7czoxOiJsIjtzOjE6IjAiO31zOjU6ImZsYXNoIjthOjI6e3M6Mzoib2xkIjthOjA6e31zOjM6Im5ldyI7YTowOnt9fX0=',1466286253,351),('523fb5ba2c137ab0fd3d0ee19433cc946cc4b781','YTo0OntzOjY6Il90b2tlbiI7czo0MDoiVDdPQ2IxeU1ZMFVmbVkzTDlVUXI4bHZzQVM5MUdqcjlyYUZFd2Y0YiI7czoyMjoiUEhQREVCVUdCQVJfU1RBQ0tfREFUQSI7YTowOnt9czo5OiJfc2YyX21ldGEiO2E6Mzp7czoxOiJ1IjtpOjE0NjYyODY5ODg7czoxOiJjIjtpOjE0NjYyODY5ODg7czoxOiJsIjtzOjE6IjAiO31zOjU6ImZsYXNoIjthOjI6e3M6Mzoib2xkIjthOjA6e31zOjM6Im5ldyI7YTowOnt9fX0=',1466286988,352),('8af90fb5163c5c271315f1d9b995bdaa2e17382a','YTo0OntzOjY6Il90b2tlbiI7czo0MDoieTZkUmpFVGZtTTBsUUYwa2xnTjQ0OTloblZBbTJSY0VXSWpIaW5FRiI7czoyMjoiUEhQREVCVUdCQVJfU1RBQ0tfREFUQSI7YTowOnt9czo5OiJfc2YyX21ldGEiO2E6Mzp7czoxOiJ1IjtpOjE0NjYyODY5ODk7czoxOiJjIjtpOjE0NjYyODY5ODk7czoxOiJsIjtzOjE6IjAiO31zOjU6ImZsYXNoIjthOjI6e3M6Mzoib2xkIjthOjA6e31zOjM6Im5ldyI7YTowOnt9fX0=',1466286989,353),('4fa6c75f8e0e238dab375b35b5ef646d37e8cb23','YTo0OntzOjY6Il90b2tlbiI7czo0MDoibERNeG5kY1VHdU9YYlBhYWdCWlZ5Z0wwNTJYa1pWdkw1VklYOUVPViI7czoyMjoiUEhQREVCVUdCQVJfU1RBQ0tfREFUQSI7YTowOnt9czo5OiJfc2YyX21ldGEiO2E6Mzp7czoxOiJ1IjtpOjE0NjYyODc2NTU7czoxOiJjIjtpOjE0NjYyODc2NTU7czoxOiJsIjtzOjE6IjAiO31zOjU6ImZsYXNoIjthOjI6e3M6Mzoib2xkIjthOjA6e31zOjM6Im5ldyI7YTowOnt9fX0=',1466287655,354),('062b6268580e8420b6872b89b6a9c5391777bc1c','YTo0OntzOjY6Il90b2tlbiI7czo0MDoiZG9zbTdkYlBxd3NCR3FxakJvQU5rUWN3S1FubUtid1U1S2hmVE1nRyI7czoyMjoiUEhQREVCVUdCQVJfU1RBQ0tfREFUQSI7YTowOnt9czo5OiJfc2YyX21ldGEiO2E6Mzp7czoxOiJ1IjtpOjE0NjYyOTE3NDI7czoxOiJjIjtpOjE0NjYyOTE3NDI7czoxOiJsIjtzOjE6IjAiO31zOjU6ImZsYXNoIjthOjI6e3M6Mzoib2xkIjthOjA6e31zOjM6Im5ldyI7YTowOnt9fX0=',1466291742,355),('1386a8e340023443f9dbe57dfec36d7207427081','YTo0OntzOjY6Il90b2tlbiI7czo0MDoiWlZKaUl4akltSDlDZ2dyYjF0b0prWmo2dDJXekdDbjRjUlZnMFRxNSI7czoyMjoiUEhQREVCVUdCQVJfU1RBQ0tfREFUQSI7YTowOnt9czo1OiJmbGFzaCI7YToyOntzOjM6Im9sZCI7YTowOnt9czozOiJuZXciO2E6MDp7fX1zOjk6Il9zZjJfbWV0YSI7YTozOntzOjE6InUiO2k6MTQ2NjI5NTg0OTtzOjE6ImMiO2k6MTQ2NjI5NTg0NDtzOjE6ImwiO3M6MToiMCI7fX0=',1466295849,356),('ed443e069e081119e0e8be8c9e0a79466db392f4','YTo0OntzOjY6Il90b2tlbiI7czo0MDoiZFZ3bTZCREo4WHhEZ3RpS01xenFNRzl4Rm14M1p6VWoyazhJQU5VNSI7czoyMjoiUEhQREVCVUdCQVJfU1RBQ0tfREFUQSI7YTowOnt9czo5OiJfc2YyX21ldGEiO2E6Mzp7czoxOiJ1IjtpOjE0NjYyOTYwMjY7czoxOiJjIjtpOjE0NjYyOTYwMjY7czoxOiJsIjtzOjE6IjAiO31zOjU6ImZsYXNoIjthOjI6e3M6Mzoib2xkIjthOjA6e31zOjM6Im5ldyI7YTowOnt9fX0=',1466296026,357),('e0c54fed6e5d1149a1a145ac3df0c2997248045d','YTo0OntzOjY6Il90b2tlbiI7czo0MDoiRWxjVGRtZzR0NXlKbk9laGJuOUF3Z2p1bGZwNmlDVVNpbXVMajNzbCI7czoyMjoiUEhQREVCVUdCQVJfU1RBQ0tfREFUQSI7YTowOnt9czo5OiJfc2YyX21ldGEiO2E6Mzp7czoxOiJ1IjtpOjE0NjYzMDA0MjA7czoxOiJjIjtpOjE0NjYzMDA0MjA7czoxOiJsIjtzOjE6IjAiO31zOjU6ImZsYXNoIjthOjI6e3M6Mzoib2xkIjthOjA6e31zOjM6Im5ldyI7YTowOnt9fX0=',1466300420,358),('839b2dd67857be2c394001324d81e3f05e7b36f4','YTo0OntzOjY6Il90b2tlbiI7czo0MDoiUlM5TGViaFQ3QXZFZk42T29ON2F6aUZEdURKU1FsV0RLckxmejVKaiI7czoyMjoiUEhQREVCVUdCQVJfU1RBQ0tfREFUQSI7YTowOnt9czo5OiJfc2YyX21ldGEiO2E6Mzp7czoxOiJ1IjtpOjE0NjYzMDIwOTY7czoxOiJjIjtpOjE0NjYzMDIwOTY7czoxOiJsIjtzOjE6IjAiO31zOjU6ImZsYXNoIjthOjI6e3M6Mzoib2xkIjthOjA6e31zOjM6Im5ldyI7YTowOnt9fX0=',1466302096,359),('f3d7fa3f61917d2f6832d23a9df128154693201f','YTo0OntzOjY6Il90b2tlbiI7czo0MDoiWmJTNnY3SVdhVjRNSTNyU2tOY1o2d0dpR2w3Vk1XSzJHRncyd1hOTiI7czoyMjoiUEhQREVCVUdCQVJfU1RBQ0tfREFUQSI7YTowOnt9czo5OiJfc2YyX21ldGEiO2E6Mzp7czoxOiJ1IjtpOjE0NjYzMDQxNTc7czoxOiJjIjtpOjE0NjYzMDQxNTc7czoxOiJsIjtzOjE6IjAiO31zOjU6ImZsYXNoIjthOjI6e3M6Mzoib2xkIjthOjA6e31zOjM6Im5ldyI7YTowOnt9fX0=',1466304157,360),('10f93428ff25254f61853ea78fa69cb897bc1db9','YTo0OntzOjY6Il90b2tlbiI7czo0MDoiNjE0MjZ1d3N6ZnNDMTRLc0JwdVNLMFlKV1FrNEFsVVE4Q2MyRnd0MCI7czoyMjoiUEhQREVCVUdCQVJfU1RBQ0tfREFUQSI7YTowOnt9czo5OiJfc2YyX21ldGEiO2E6Mzp7czoxOiJ1IjtpOjE0NjczNTU2NTg7czoxOiJjIjtpOjE0NjczNTU2NTg7czoxOiJsIjtzOjE6IjAiO31zOjU6ImZsYXNoIjthOjI6e3M6Mzoib2xkIjthOjA6e31zOjM6Im5ldyI7YTowOnt9fX0=',1467355667,361),('3e111760c0fb2cbb3de0b613097579f1f1fa0fc3','YTo0OntzOjY6Il90b2tlbiI7czo0MDoiSEJPRVEwUEs0bkhVUVBETmdFSDJPNWx3WmtFSzBXUzY4STNTVHdIbSI7czoyMjoiUEhQREVCVUdCQVJfU1RBQ0tfREFUQSI7YTowOnt9czo5OiJfc2YyX21ldGEiO2E6Mzp7czoxOiJ1IjtpOjE0Njc1MjU4MTU7czoxOiJjIjtpOjE0Njc1MjU4MTU7czoxOiJsIjtzOjE6IjAiO31zOjU6ImZsYXNoIjthOjI6e3M6Mzoib2xkIjthOjA6e31zOjM6Im5ldyI7YTowOnt9fX0=',1467525818,362),('e7610d18671138d92a71f27a7a4e4b866fd1fafe','YTo0OntzOjY6Il90b2tlbiI7czo0MDoiRWx4ZnlsZjcxSDNRWnpSOXYwejJ0OVB3MXFGck1KOGFpblhCZTA5eCI7czoyMjoiUEhQREVCVUdCQVJfU1RBQ0tfREFUQSI7YTowOnt9czo5OiJfc2YyX21ldGEiO2E6Mzp7czoxOiJ1IjtpOjE0Njg1MTIxODc7czoxOiJjIjtpOjE0Njg1MTIxODc7czoxOiJsIjtzOjE6IjAiO31zOjU6ImZsYXNoIjthOjI6e3M6Mzoib2xkIjthOjA6e31zOjM6Im5ldyI7YTowOnt9fX0=',1468512188,363),('9dd60ce9bfd4c3630892996944d83904650818e0','YTo0OntzOjY6Il90b2tlbiI7czo0MDoiaUIzbEVLZk8wRm5KbkNNd1RHOHZidDZxODdGclI1NWYwQ2VSd1JTNSI7czoyMjoiUEhQREVCVUdCQVJfU1RBQ0tfREFUQSI7YTowOnt9czo1OiJmbGFzaCI7YToyOntzOjM6Im9sZCI7YTowOnt9czozOiJuZXciO2E6MDp7fX1zOjk6Il9zZjJfbWV0YSI7YTozOntzOjE6InUiO2k6MTQ2ODUxMjIzNjtzOjE6ImMiO2k6MTQ2ODUxMjE4NztzOjE6ImwiO3M6MToiMCI7fX0=',1468512236,364),('f34ebdf08b60a7ccbfba92dba64919b79b3e7776','YTo0OntzOjY6Il90b2tlbiI7czo0MDoiNWxOQmdrQWdpd2ljd2I4NUI2WGNseURLRlZkdlN1akFrcmNFNmtybiI7czoyMjoiUEhQREVCVUdCQVJfU1RBQ0tfREFUQSI7YTowOnt9czo5OiJfc2YyX21ldGEiO2E6Mzp7czoxOiJ1IjtpOjE0Njg2NzQ5NDM7czoxOiJjIjtpOjE0Njg2NzQ5NDM7czoxOiJsIjtzOjE6IjAiO31zOjU6ImZsYXNoIjthOjI6e3M6Mzoib2xkIjthOjA6e31zOjM6Im5ldyI7YTowOnt9fX0=',1468674946,365),('0e809dcb4d57506c645c4a2f237c236cc4ab3915','YTo0OntzOjY6Il90b2tlbiI7czo0MDoiZmRCNFlFSDFhWGxGckQzNDdZWll3M3loQVdJMTNnTHlJZWRoNGNGeSI7czoyMjoiUEhQREVCVUdCQVJfU1RBQ0tfREFUQSI7YTowOnt9czo1OiJmbGFzaCI7YToyOntzOjM6Im9sZCI7YTowOnt9czozOiJuZXciO2E6MDp7fX1zOjk6Il9zZjJfbWV0YSI7YTozOntzOjE6InUiO2k6MTQ2ODk0MDE3NTtzOjE6ImMiO2k6MTQ2ODk0MDE3MjtzOjE6ImwiO3M6MToiMCI7fX0=',1468940176,366),('e4f70658d69b702474515d6c820ffaad588308dd','YTo0OntzOjY6Il90b2tlbiI7czo0MDoic2RiRTRBUTR4d2QyUXowVW9OZVU0Wmx2d3M4WjdadTcwYmd2UkV5MCI7czoyMjoiUEhQREVCVUdCQVJfU1RBQ0tfREFUQSI7YTowOnt9czo5OiJfc2YyX21ldGEiO2E6Mzp7czoxOiJ1IjtpOjE0NjkyMDE5NTc7czoxOiJjIjtpOjE0NjkyMDE5NTc7czoxOiJsIjtzOjE6IjAiO31zOjU6ImZsYXNoIjthOjI6e3M6Mzoib2xkIjthOjA6e31zOjM6Im5ldyI7YTowOnt9fX0=',1469201962,367),('5843ddccad9e36e02a60ece18d574fed837509b1','YTo0OntzOjY6Il90b2tlbiI7czo0MDoiS1BoRmhxbDllWkhWa1dIT0hKSWJOTnhaVEZiTFBRMVlyeGJzUW9aRSI7czoyMjoiUEhQREVCVUdCQVJfU1RBQ0tfREFUQSI7YTowOnt9czo5OiJfc2YyX21ldGEiO2E6Mzp7czoxOiJ1IjtpOjE0Njk1NDM5MjU7czoxOiJjIjtpOjE0Njk1NDM5MjU7czoxOiJsIjtzOjE6IjAiO31zOjU6ImZsYXNoIjthOjI6e3M6Mzoib2xkIjthOjA6e31zOjM6Im5ldyI7YTowOnt9fX0=',1469543926,368),('2ff3bac9ead6335eec4c9a30816e8e95dd8bda81','YToxMjp7czo2OiJfdG9rZW4iO3M6NDA6IkhMZHVzV2pmYlhPMGprcVdzWHFZdGFTUldkSU9FUHpZVzFrZmxmaEsiO3M6MjI6IlBIUERFQlVHQkFSX1NUQUNLX0RBVEEiO2E6MDp7fXM6NToiZmxhc2giO2E6Mjp7czozOiJvbGQiO2E6MDp7fXM6MzoibmV3IjthOjA6e319czozODoibG9naW5fODJlNWQyYzU2YmRkMDgxMTMxOGYwY2YwNzhiNzhiZmMiO2k6MTtzOjY6InVzZXJJZCI7aToxO3M6OToiZmlyc3ROYW1lIjtzOjQ6Inl1dmkiO3M6ODoibGFzdE5hbWUiO3M6NToic2luZ2giO3M6MTA6InByb2ZpbGVQaWMiO047czo0OiJyb2xlIjtpOjE7czo5OiJjaGFubmVsSWQiO2k6MTtzOjY6InR6TmFtZSI7czoxMzoiQXNpYS9DYWxjdXR0YSI7czo5OiJfc2YyX21ldGEiO2E6Mzp7czoxOiJ1IjtpOjE0Njk5NjkxNTk7czoxOiJjIjtpOjE0Njk5NjYzNjA7czoxOiJsIjtzOjE6IjAiO319',1469969159,370);

/*Table structure for table `task_activities` */

DROP TABLE IF EXISTS `task_activities`;

CREATE TABLE `task_activities` (
  `id` int(11) NOT NULL AUTO_INCREMENT,
  `un_id` varchar(255) NOT NULL,
  `tracker_id` varchar(255) DEFAULT NULL,
  `tracker_status_id` varchar(255) DEFAULT NULL,
  `tracker_priority_id` varchar(255) DEFAULT NULL,
  `tracker_subject` text,
  `project_id` varchar(255) DEFAULT NULL,
  `team_id` int(11) DEFAULT NULL,
  `user_id` int(11) DEFAULT NULL,
  `created_at` timestamp NULL DEFAULT CURRENT_TIMESTAMP,
  `updated_at` timestamp NULL DEFAULT CURRENT_TIMESTAMP,
  `start_date` timestamp NULL DEFAULT NULL,
  `end_date` timestamp NULL DEFAULT NULL,
  PRIMARY KEY (`id`,`un_id`)
) ENGINE=InnoDB AUTO_INCREMENT=8 DEFAULT CHARSET=latin1;

/*Data for the table `task_activities` */

insert  into `task_activities`(`id`,`un_id`,`tracker_id`,`tracker_status_id`,`tracker_priority_id`,`tracker_subject`,`project_id`,`team_id`,`user_id`,`created_at`,`updated_at`,`start_date`,`end_date`) values (1,'81961fa06481583ba8ce1d0730c62ca3','145536751356bf255949ed0','145536769056bf260acc567','145536762856bf25cc5b39c','Demo task','9938aa0aac060ac5afaf8c14e1a0dd6c',3,1,'2016-04-10 11:34:32','2016-04-10 11:34:32','2016-04-10 00:00:00','2016-04-11 00:00:00'),(2,'6aa99e2a2dd8a516d9339f23e639ba8d','145536751356bf255949ed0','145536772256bf262a1bff2','145536762856bf25cc5b39b','sdf','9938aa0aac060ac5afaf8c14e1a0dd6c',3,1,'2016-04-18 18:06:02','2016-04-18 18:06:02','2016-04-18 00:00:00','2016-04-18 00:00:00'),(3,'87e6ec98c1eca5716cc4e71e8795f71a','145536751356bf255949ed0','145536772256bf262a1c070','145536762856bf25cc5b39c','Demo task','9938aa0aac060ac5afaf8c14e1a0dd6c',3,2,'2016-04-24 20:21:43','2016-04-24 20:21:43','2016-04-10 00:00:00','2016-04-11 00:00:00'),(4,'1d33dc84306922212dd77bb8c7d63cf9','145536751356bf255949ed0','145536772256bf262a1bff2','145536762856bf25cc5b39b','new','9938aa0aac060ac5afaf8c14e1a0dd6c',3,1,'2016-04-24 20:33:56','2016-04-24 20:33:56','2016-04-19 00:00:00','2016-04-19 00:00:00'),(5,'cfc9c2ce9c4d97ff1cfa6a1b59950185','145536751356bf255949ed0','145536772256bf262a1bff2','145536762856bf25cc5b39b','sdf','9938aa0aac060ac5afaf8c14e1a0dd6c',3,2,'2016-04-24 20:34:09','2016-04-24 20:34:09','2016-04-18 00:00:00','2016-04-18 00:00:00'),(6,'2e770a7d46971f71fb560f63b7638567','145536751356bf255949ed0','145536769056bf260acc567','145536762856bf25cc5b39b','New task','9938aa0aac060ac5afaf8c14e1a0dd6c',3,2,'2016-05-01 19:58:20','2016-05-01 19:58:20','2016-05-01 00:00:00','2016-05-01 00:00:00'),(7,'8fe7efbbd398fa47eb4486d38a5b0213','145536751356bf255949ed0','145536769056bf260acc567','145536762856bf25cc5b39c','new','9938aa0aac060ac5afaf8c14e1a0dd6c',3,2,'2016-05-14 11:04:49','2016-05-14 11:04:49','2016-05-14 00:00:00','2016-05-14 00:00:00');

/*Table structure for table `task_notifications` */

DROP TABLE IF EXISTS `task_notifications`;

CREATE TABLE `task_notifications` (
  `id` int(11) NOT NULL AUTO_INCREMENT,
  `by_user_id` int(11) DEFAULT NULL,
  `to_user_id` int(11) DEFAULT NULL,
  `task_id` varchar(255) DEFAULT NULL,
  `read_status` int(11) DEFAULT '1',
  `created_at` timestamp NULL DEFAULT CURRENT_TIMESTAMP,
  PRIMARY KEY (`id`)
) ENGINE=InnoDB AUTO_INCREMENT=2 DEFAULT CHARSET=latin1;

/*Data for the table `task_notifications` */

insert  into `task_notifications`(`id`,`by_user_id`,`to_user_id`,`task_id`,`read_status`,`created_at`) values (1,1,2,'8',1,'2016-05-14 11:04:49');

/*Table structure for table `task_priviliges` */

DROP TABLE IF EXISTS `task_priviliges`;

CREATE TABLE `task_priviliges` (
  `id` int(11) NOT NULL AUTO_INCREMENT,
  `un_id` varchar(255) NOT NULL,
  `project_id` varchar(255) DEFAULT NULL,
  `team_id` varchar(255) DEFAULT NULL,
  `user_id` varchar(255) DEFAULT NULL,
  `created_at` varchar(255) DEFAULT NULL,
  `updated_at` varchar(255) DEFAULT NULL,
  PRIMARY KEY (`id`,`un_id`)
) ENGINE=InnoDB DEFAULT CHARSET=latin1;

/*Data for the table `task_priviliges` */

/*Table structure for table `task_updated_activities` */

DROP TABLE IF EXISTS `task_updated_activities`;

CREATE TABLE `task_updated_activities` (
  `id` int(11) NOT NULL AUTO_INCREMENT,
  `un_id` varchar(255) DEFAULT NULL,
  `parent_tracker_activity_un_id` varchar(255) DEFAULT NULL,
  `tracker_activity_un_id` varchar(255) DEFAULT NULL,
  `by_user_id` int(11) DEFAULT NULL,
  `to_user_id` int(11) DEFAULT NULL,
  `created_at` timestamp NULL DEFAULT CURRENT_TIMESTAMP,
  PRIMARY KEY (`id`),
  UNIQUE KEY `un_id_UNIQUE` (`un_id`)
) ENGINE=InnoDB AUTO_INCREMENT=8 DEFAULT CHARSET=latin1;

/*Data for the table `task_updated_activities` */

insert  into `task_updated_activities`(`id`,`un_id`,`parent_tracker_activity_un_id`,`tracker_activity_un_id`,`by_user_id`,`to_user_id`,`created_at`) values (1,'fb2a2c7882dacc6f7c23f85a151bf60d','81961fa06481583ba8ce1d0730c62ca3','81961fa06481583ba8ce1d0730c62ca3',NULL,NULL,'2016-04-10 11:34:33'),(2,'7a8cd360290bb8a80d9ffec2aef26b52','6aa99e2a2dd8a516d9339f23e639ba8d','6aa99e2a2dd8a516d9339f23e639ba8d',NULL,NULL,'2016-04-18 18:06:03'),(3,'87e6ec98c1eca5716cc4e71e8795f71a','81961fa06481583ba8ce1d0730c62ca3','87e6ec98c1eca5716cc4e71e8795f71a',NULL,NULL,'2016-04-24 20:21:43'),(4,'1d33dc84306922212dd77bb8c7d63cf9','undefined','1d33dc84306922212dd77bb8c7d63cf9',NULL,NULL,'2016-04-24 20:33:56'),(5,'cfc9c2ce9c4d97ff1cfa6a1b59950185','6aa99e2a2dd8a516d9339f23e639ba8d','cfc9c2ce9c4d97ff1cfa6a1b59950185',NULL,NULL,'2016-04-24 20:34:09'),(6,'2e770a7d46971f71fb560f63b7638567','2e770a7d46971f71fb560f63b7638567','2e770a7d46971f71fb560f63b7638567',1,2,'2016-05-01 19:58:20'),(7,'8fe7efbbd398fa47eb4486d38a5b0213','8fe7efbbd398fa47eb4486d38a5b0213','8fe7efbbd398fa47eb4486d38a5b0213',1,2,'2016-05-14 11:04:49');

/*Table structure for table `team_channel_users` */

DROP TABLE IF EXISTS `team_channel_users`;

CREATE TABLE `team_channel_users` (
  `id` int(11) NOT NULL AUTO_INCREMENT,
  `team_channel_name_id` int(11) DEFAULT NULL,
  `user_id` int(11) DEFAULT NULL,
  PRIMARY KEY (`id`),
  KEY `fk_channel_users_users1_idx` (`user_id`),
  KEY `fk_channel_users_team_channels1_idx` (`team_channel_name_id`),
  CONSTRAINT `fk_channel_users_team_channels1` FOREIGN KEY (`team_channel_name_id`) REFERENCES `team_channels` (`id`) ON DELETE NO ACTION ON UPDATE NO ACTION,
  CONSTRAINT `fk_channel_users_users1` FOREIGN KEY (`user_id`) REFERENCES `users` (`id`) ON DELETE NO ACTION ON UPDATE NO ACTION
) ENGINE=InnoDB AUTO_INCREMENT=28 DEFAULT CHARSET=latin1;

/*Data for the table `team_channel_users` */

insert  into `team_channel_users`(`id`,`team_channel_name_id`,`user_id`) values (1,1,1),(2,1,2),(8,3,1),(19,3,2),(20,3,3),(21,3,4),(22,3,5),(23,3,6),(24,1,3),(25,1,4),(26,1,6),(27,1,5);

/*Table structure for table `team_channels` */

DROP TABLE IF EXISTS `team_channels`;

CREATE TABLE `team_channels` (
  `id` int(11) NOT NULL AUTO_INCREMENT,
  `channel_name_id` int(11) DEFAULT NULL,
  `team_channel_id` varchar(255) DEFAULT NULL,
  `author_id` int(11) DEFAULT NULL,
  `channel_view_name` varchar(255) DEFAULT NULL,
  `created_at` timestamp NULL DEFAULT CURRENT_TIMESTAMP,
  PRIMARY KEY (`id`),
  UNIQUE KEY `team_channel_name_UNIQUE` (`team_channel_id`),
  KEY `fk_team_channels_channels1_idx` (`channel_name_id`),
  CONSTRAINT `fk_team_channels_channels1` FOREIGN KEY (`channel_name_id`) REFERENCES `channels` (`id`) ON DELETE NO ACTION ON UPDATE NO ACTION
) ENGINE=InnoDB AUTO_INCREMENT=4 DEFAULT CHARSET=latin1;

/*Data for the table `team_channels` */

insert  into `team_channels`(`id`,`channel_name_id`,`team_channel_id`,`author_id`,`channel_view_name`,`created_at`) values (1,1,'$2y$10$IUy0MDUL9VPeijrqpJe8v.9xXT4TjjGUUzcndckGQ3R09rHNjrJxe',1,'team1','2016-03-27 12:41:10'),(2,1,'$2y$10$mQn.FjTciwmBiml77VPN8uaS1nrNe/CSsQyOEvEaEGHAsbTQEplr2',1,'team2','2016-04-04 21:39:35'),(3,1,'$2y$10$6J3AWXbpd3YBj4eEdblfgegwFBfTVBf2eRmAQPYhdTXSqj7MBCT12',1,'team3','2016-04-04 23:01:51');

/*Table structure for table `team_conversations` */

DROP TABLE IF EXISTS `team_conversations`;

CREATE TABLE `team_conversations` (
  `id` int(11) NOT NULL AUTO_INCREMENT,
  `team_channel_id` varchar(255) DEFAULT NULL,
  `user_id` int(11) DEFAULT NULL,
  `message_id` int(11) DEFAULT NULL,
  PRIMARY KEY (`id`)
) ENGINE=InnoDB AUTO_INCREMENT=3 DEFAULT CHARSET=latin1;

/*Data for the table `team_conversations` */

insert  into `team_conversations`(`id`,`team_channel_id`,`user_id`,`message_id`) values (1,'$2y$10$IUy0MDUL9VPeijrqpJe8v.9xXT4TjjGUUzcndckGQ3R09rHNjrJxe',3,8),(2,'$2y$10$IUy0MDUL9VPeijrqpJe8v.9xXT4TjjGUUzcndckGQ3R09rHNjrJxe',3,9);

/*Table structure for table `team_conversations_read_status` */

DROP TABLE IF EXISTS `team_conversations_read_status`;

CREATE TABLE `team_conversations_read_status` (
  `id` int(11) NOT NULL AUTO_INCREMENT,
  `team_channel_id` int(11) DEFAULT NULL,
  `message_id` int(11) DEFAULT NULL,
  `user_id` int(11) DEFAULT NULL,
  `read_status` int(11) DEFAULT '1',
  `created_at` timestamp NULL DEFAULT CURRENT_TIMESTAMP,
  PRIMARY KEY (`id`)
) ENGINE=InnoDB AUTO_INCREMENT=11 DEFAULT CHARSET=latin1;

/*Data for the table `team_conversations_read_status` */

insert  into `team_conversations_read_status`(`id`,`team_channel_id`,`message_id`,`user_id`,`read_status`,`created_at`) values (1,1,8,1,0,'2016-04-10 21:47:02'),(2,1,8,2,1,'2016-04-10 21:47:02'),(3,1,8,4,1,'2016-04-10 21:47:02'),(4,1,8,5,1,'2016-04-10 21:47:02'),(5,1,8,6,1,'2016-04-10 21:47:02'),(6,1,9,1,0,'2016-04-10 22:35:40'),(7,1,9,2,1,'2016-04-10 22:35:40'),(8,1,9,4,1,'2016-04-10 22:35:41'),(9,1,9,5,1,'2016-04-10 22:35:41'),(10,1,9,6,1,'2016-04-10 22:35:41');

/*Table structure for table `team_heads` */

DROP TABLE IF EXISTS `team_heads`;

CREATE TABLE `team_heads` (
  `id` int(11) NOT NULL AUTO_INCREMENT,
  `project_id` varchar(255) DEFAULT NULL,
  `team_id` int(11) DEFAULT NULL,
  `author_id` int(11) DEFAULT NULL,
  `user_id` int(11) DEFAULT NULL,
  `created_at` timestamp NULL DEFAULT CURRENT_TIMESTAMP,
  `updated_at` timestamp NULL DEFAULT CURRENT_TIMESTAMP,
  PRIMARY KEY (`id`)
) ENGINE=InnoDB AUTO_INCREMENT=4 DEFAULT CHARSET=latin1;

/*Data for the table `team_heads` */

insert  into `team_heads`(`id`,`project_id`,`team_id`,`author_id`,`user_id`,`created_at`,`updated_at`) values (1,NULL,1,1,1,'2016-03-27 12:41:10','2016-03-27 12:41:10'),(2,NULL,2,1,1,'2016-04-04 21:39:35','2016-04-04 21:39:35'),(3,'9938aa0aac060ac5afaf8c14e1a0dd6c',3,1,1,'2016-04-04 23:01:51','2016-04-04 23:01:51');

/*Table structure for table `tracker` */

DROP TABLE IF EXISTS `tracker`;

CREATE TABLE `tracker` (
  `id` int(11) NOT NULL AUTO_INCREMENT,
  `un_id` varchar(255) DEFAULT NULL,
  `name` varchar(255) DEFAULT NULL,
  `created_at` timestamp NULL DEFAULT CURRENT_TIMESTAMP,
  PRIMARY KEY (`id`)
) ENGINE=InnoDB AUTO_INCREMENT=5 DEFAULT CHARSET=latin1;

/*Data for the table `tracker` */

insert  into `tracker`(`id`,`un_id`,`name`,`created_at`) values (1,'145536751356bf255949ed0','Task','2016-01-25 06:03:18'),(2,'145536757556bf2597c85de','Feature','2016-01-25 06:03:18'),(3,'145536758656bf25a22a8bc','Backlog','2016-01-25 06:03:18'),(4,'145536759956bf25af5f835','Bug','2016-01-25 06:03:18');

/*Table structure for table `tracker_description` */

DROP TABLE IF EXISTS `tracker_description`;

CREATE TABLE `tracker_description` (
  `id` int(11) NOT NULL AUTO_INCREMENT,
  `un_id` varchar(255) NOT NULL,
  `tracker_activity_un_id` varchar(255) DEFAULT NULL,
  `description` text,
  `created_at` timestamp NULL DEFAULT CURRENT_TIMESTAMP,
  `updated_at` timestamp NULL DEFAULT CURRENT_TIMESTAMP,
  PRIMARY KEY (`id`,`un_id`)
) ENGINE=InnoDB AUTO_INCREMENT=8 DEFAULT CHARSET=latin1;

/*Data for the table `tracker_description` */

insert  into `tracker_description`(`id`,`un_id`,`tracker_activity_un_id`,`description`,`created_at`,`updated_at`) values (1,'fb2a2c7882dacc6f7c23f85a151bf60d','81961fa06481583ba8ce1d0730c62ca3','','2016-04-10 11:34:33','2016-04-10 11:34:33'),(2,'7a8cd360290bb8a80d9ffec2aef26b52','6aa99e2a2dd8a516d9339f23e639ba8d','\n                                                                                                                      ','2016-04-18 18:06:03','2016-04-18 18:06:03'),(3,'87e6ec98c1eca5716cc4e71e8795f71a','87e6ec98c1eca5716cc4e71e8795f71a','\n                                                                                                                            \n                                                                                                                      ','2016-04-24 20:21:43','2016-04-24 20:21:43'),(4,'1d33dc84306922212dd77bb8c7d63cf9','1d33dc84306922212dd77bb8c7d63cf9','\n                                                                                                                            \n                                                                                                                      ','2016-04-24 20:33:56','2016-04-24 20:33:56'),(5,'cfc9c2ce9c4d97ff1cfa6a1b59950185','cfc9c2ce9c4d97ff1cfa6a1b59950185','\n                                                                                                                            \n                                                                                                                      \n                                                                                                                      ','2016-04-24 20:34:09','2016-04-24 20:34:09'),(6,'2e770a7d46971f71fb560f63b7638567','2e770a7d46971f71fb560f63b7638567','\n                                                                                                                      ','2016-05-01 19:58:20','2016-05-01 19:58:20'),(7,'8fe7efbbd398fa47eb4486d38a5b0213','8fe7efbbd398fa47eb4486d38a5b0213','\n                                                                                                                      ','2016-05-14 11:04:49','2016-05-14 11:04:49');

/*Table structure for table `tracker_files` */

DROP TABLE IF EXISTS `tracker_files`;

CREATE TABLE `tracker_files` (
  `id` int(11) NOT NULL AUTO_INCREMENT,
  `un_id` varchar(255) NOT NULL,
  `tracker_activity_un_id` varchar(255) DEFAULT NULL,
  `file_name` text,
  `created_at` timestamp NULL DEFAULT CURRENT_TIMESTAMP,
  `updated_at` timestamp NULL DEFAULT CURRENT_TIMESTAMP,
  PRIMARY KEY (`id`,`un_id`)
) ENGINE=InnoDB DEFAULT CHARSET=latin1;

/*Data for the table `tracker_files` */

/*Table structure for table `tracker_priority` */

DROP TABLE IF EXISTS `tracker_priority`;

CREATE TABLE `tracker_priority` (
  `id` int(11) NOT NULL AUTO_INCREMENT,
  `un_id` varchar(255) DEFAULT NULL,
  `name` varchar(255) DEFAULT NULL,
  `created_at` timestamp NULL DEFAULT CURRENT_TIMESTAMP,
  PRIMARY KEY (`id`)
) ENGINE=InnoDB AUTO_INCREMENT=6 DEFAULT CHARSET=latin1;

/*Data for the table `tracker_priority` */

insert  into `tracker_priority`(`id`,`un_id`,`name`,`created_at`) values (1,'145536762856bf25cc5b39b','Low','2016-01-25 06:16:17'),(2,'145536762856bf25cc5b39c','Normal','2016-01-25 06:16:17'),(3,'145536762856bf25cc5b39d','High','2016-01-25 06:16:17'),(4,'145536762856bf25cc5b39e','Urgent','2016-01-25 06:16:17'),(5,'145536762856bf25cc5b39f','Immideate','2016-01-25 06:16:17');

/*Table structure for table `tracker_status_names` */

DROP TABLE IF EXISTS `tracker_status_names`;

CREATE TABLE `tracker_status_names` (
  `id` int(11) NOT NULL AUTO_INCREMENT,
  `un_id` varchar(255) DEFAULT NULL,
  `name` varchar(255) DEFAULT NULL,
  `created_at` timestamp NULL DEFAULT CURRENT_TIMESTAMP,
  PRIMARY KEY (`id`)
) ENGINE=InnoDB AUTO_INCREMENT=7 DEFAULT CHARSET=latin1;

/*Data for the table `tracker_status_names` */

insert  into `tracker_status_names`(`id`,`un_id`,`name`,`created_at`) values (1,'145536769056bf260acc567','New','2016-01-25 06:09:54'),(2,'145536772256bf262a1bff2','In Progress','2016-01-25 06:09:54'),(3,'145536772256bf262a1c070','Resolved','2016-01-25 06:09:54'),(4,'145536772256bf262a1c0bc','Due','2016-01-25 06:09:54'),(5,'145536772256bf262a1c110','Closed','2016-01-25 06:09:54'),(6,'145536772256bf262afgh1c110','Critical','2016-02-20 17:39:30');

/*Table structure for table `user_roles` */

DROP TABLE IF EXISTS `user_roles`;

CREATE TABLE `user_roles` (
  `id` int(11) NOT NULL AUTO_INCREMENT,
  `user_id` int(11) DEFAULT NULL,
  `role_id` int(11) DEFAULT NULL,
  PRIMARY KEY (`id`),
  KEY `fk_user_roles_roles_idx` (`role_id`),
  KEY `fk_user_roles_user1_idx` (`user_id`),
  CONSTRAINT `fk_user_roles_roles` FOREIGN KEY (`role_id`) REFERENCES `roles` (`id`) ON DELETE NO ACTION ON UPDATE NO ACTION,
  CONSTRAINT `fk_user_roles_user1` FOREIGN KEY (`user_id`) REFERENCES `users` (`id`) ON DELETE NO ACTION ON UPDATE NO ACTION
) ENGINE=InnoDB AUTO_INCREMENT=7 DEFAULT CHARSET=latin1;

/*Data for the table `user_roles` */

insert  into `user_roles`(`id`,`user_id`,`role_id`) values (1,1,1),(2,2,3),(3,3,3),(4,4,3),(5,5,3),(6,6,3);

/*Table structure for table `users` */

DROP TABLE IF EXISTS `users`;

CREATE TABLE `users` (
  `id` int(11) NOT NULL AUTO_INCREMENT,
  `first_name` varchar(200) DEFAULT NULL,
  `last_name` varchar(200) DEFAULT NULL,
  `password` varchar(255) DEFAULT NULL,
  `email` varchar(60) DEFAULT NULL,
  `contact` int(11) DEFAULT NULL,
  `created_at` timestamp NULL DEFAULT CURRENT_TIMESTAMP,
  `updated_at` timestamp NULL DEFAULT NULL,
  `remember_token` varchar(255) DEFAULT NULL,
  `profile_pic` varchar(255) DEFAULT NULL,
  `gender` varchar(50) NOT NULL,
  `birthday` varchar(50) NOT NULL,
  `summary` text NOT NULL,
  PRIMARY KEY (`id`),
  UNIQUE KEY `email_UNIQUE` (`email`)
) ENGINE=InnoDB AUTO_INCREMENT=7 DEFAULT CHARSET=latin1;

/*Data for the table `users` */

insert  into `users`(`id`,`first_name`,`last_name`,`password`,`email`,`contact`,`created_at`,`updated_at`,`remember_token`,`profile_pic`,`gender`,`birthday`,`summary`) values (1,'yuvi','singh','$2y$10$DbdVs0aWYVG0nHbg1dqFnOy/gHY8uEIcCTZ3CaqDkT5oTPaTD9SrS','yuvim86@gmail.com',2147483647,'2016-03-27 12:40:45','2016-04-24 20:01:33','wPOKafjXVQkQJaQ00Rm4B7jxC74r9Q7r94dllMoRNJFNDaWwfk6DZbH5E2gZ',NULL,'Male','05/04/2016',''),(2,'shrutipurushan20@gmail.com','shrutipurushan20@gmail.com','$2y$10$x7GWP/tuxql9MFwhZ6Jfpeagom7UzxNbcxNcfhFYlrqsBSnqStbjy','shrutipurushan20@gmail.com',NULL,'2016-03-27 12:48:06','2016-05-15 21:01:34','t2lI0c9byRALvvNq1bGsbIy10HxgzceIxP9yCYu7EtRR6rhJzKjMBGKeJwrj',NULL,'','',''),(3,'yuvarajm@aissel.com','yuvarajm@aissel.com','$2y$10$ClDdwqXEouUaizkDUzL5a.qISL7QS86XXRQLky4RxTL1kQHSPjsai','yuvarajm@aissel.com',NULL,'2016-04-08 22:28:04','2016-04-10 23:25:28','v0fcMPQoN2WJX6RHLiwRhi7xaaDX0t3ZZU4DMQuFkTA8hreSrjegnssbXOcL',NULL,'','',''),(4,'toddlezone@gmail.com','toddlezone@gmail.com','$2y$10$Y0lgTHo2z.7ht6WIrN99jefQSTP63yx7FVThw0LhAHRldmbkDLXeG','toddlezone@gmail.com',NULL,'2016-04-08 22:49:16','2016-04-08 22:52:12','D2GqpQY6U0LNYU7qpZdurmx9ohj1yGeSRuizfoo9E0KhcRL8bfITytkzoHjp',NULL,'','',''),(5,'yuvctk@gmail.com','yuvctk@gmail.com','$2y$10$FCf/P.MuIbxXvdFbJr9fFuSstD.uFB3OAbn1usdvnGInt4oM0EhbW','yuvctk@gmail.com',NULL,'2016-04-08 23:08:26','2016-04-10 23:26:10','NnbXeL2P8gegU5BO3F1itT68uumRj6Wl49i4NQoV5UG8pkoMset8fzEgDOsu',NULL,'','',''),(6,'shrutip@aissel.com','shrutip@aissel.com','$2y$10$Q.vLPYL/Ax2tLpLVUnXm6..aRSKutK/IceDDcr32Web56MW2oR9cG','shrutip@aissel.com',NULL,'2016-04-08 23:16:35','2016-04-10 23:26:38','vgEahIzFPUYQvxttGA1QQWDEaxC0BeOQkniPOEpe3zxT64w8Ef4Utm3NcDmo',NULL,'','','');

/*!40101 SET SQL_MODE=@OLD_SQL_MODE */;
/*!40014 SET FOREIGN_KEY_CHECKS=@OLD_FOREIGN_KEY_CHECKS */;
/*!40014 SET UNIQUE_CHECKS=@OLD_UNIQUE_CHECKS */;
/*!40111 SET SQL_NOTES=@OLD_SQL_NOTES */;
